"filename", "language", "JSON with Comments", "Markdown", "JavaScript", "JSON", "Vue", "HTML", "Properties", "PHP", "XML", "SCSS", "CSS", "comment", "blank", "total"
"d:\Jpeniel\jeunes_jpeniel_events\README.md", "Markdown", 0, 18, 0, 0, 0, 0, 0, 0, 0, 0, 0, 0, 12, 30
"d:\Jpeniel\jeunes_jpeniel_events\index.html", "HTML", 0, 0, 0, 0, 0, 134, 0, 0, 0, 0, 0, 8, 13, 155
"d:\Jpeniel\jeunes_jpeniel_events\infos.md", "Markdown", 0, 4, 0, 0, 0, 0, 0, 0, 0, 0, 0, 0, 2, 6
"d:\Jpeniel\jeunes_jpeniel_events\jsconfig.json", "JSON with Comments", 8, 0, 0, 0, 0, 0, 0, 0, 0, 0, 0, 0, 1, 9
"d:\Jpeniel\jeunes_jpeniel_events\package-lock.json", "JSON", 0, 0, 0, 1148, 0, 0, 0, 0, 0, 0, 0, 0, 1, 1149
"d:\Jpeniel\jeunes_jpeniel_events\package.json", "JSON", 0, 0, 0, 27, 0, 0, 0, 0, 0, 0, 0, 0, 1, 28
"d:\Jpeniel\jeunes_jpeniel_events\src\App.vue", "Vue", 0, 0, 0, 0, 9, 0, 0, 0, 0, 0, 0, 1, 3, 13
"d:\Jpeniel\jeunes_jpeniel_events\src\assets\css\._icon.css", "CSS", 0, 0, 0, 0, 0, 0, 0, 0, 0, 0, 1, 0, 0, 1
"d:\Jpeniel\jeunes_jpeniel_events\src\assets\css\._icon.min.css", "CSS", 0, 0, 0, 0, 0, 0, 0, 0, 0, 0, 1, 0, 0, 1
"d:\Jpeniel\jeunes_jpeniel_events\src\assets\css\icon.css", "CSS", 0, 0, 0, 0, 0, 0, 0, 0, 0, 0, 22403, 29, 7287, 29719
"d:\Jpeniel\jeunes_jpeniel_events\src\assets\css\icon.min.css", "CSS", 0, 0, 0, 0, 0, 0, 0, 0, 0, 0, 6, 17, 1, 24
"d:\Jpeniel\jeunes_jpeniel_events\src\assets\css\responsive.css", "CSS", 0, 0, 0, 0, 0, 0, 0, 0, 0, 0, 21479, 163, 1, 21643
"d:\Jpeniel\jeunes_jpeniel_events\src\assets\css\responsive.min.css", "CSS", 0, 0, 0, 0, 0, 0, 0, 0, 0, 0, 1, 1, 1, 3
"d:\Jpeniel\jeunes_jpeniel_events\src\assets\css\style.css", "CSS", 0, 0, 0, 0, 0, 0, 0, 0, 0, 0, 18873, 456, 0, 19329
"d:\Jpeniel\jeunes_jpeniel_events\src\assets\css\style.min.css", "CSS", 0, 0, 0, 0, 0, 0, 0, 0, 0, 0, 1, 1, 1, 3
"d:\Jpeniel\jeunes_jpeniel_events\src\assets\css\vendors.css", "CSS", 0, 0, 0, 0, 0, 0, 0, 0, 0, 0, 13737, 254, 1661, 15652
"d:\Jpeniel\jeunes_jpeniel_events\src\assets\css\vendors.min.css", "CSS", 0, 0, 0, 0, 0, 0, 0, 0, 0, 0, 11, 31, 1, 43
"d:\Jpeniel\jeunes_jpeniel_events\src\assets\demo-decor-store-single-product.html", "HTML", 0, 0, 0, 0, 0, 1072, 0, 0, 0, 0, 0, 67, 0, 1139
"d:\Jpeniel\jeunes_jpeniel_events\src\assets\demo-travel-agency-tours.html", "HTML", 0, 0, 0, 0, 0, 458, 0, 0, 0, 0, 0, 35, 0, 493
"d:\Jpeniel\jeunes_jpeniel_events\src\assets\demo-travel-agency.html", "HTML", 0, 0, 0, 0, 0, 2509, 0, 0, 0, 0, 0, 278, 13, 2800
"d:\Jpeniel\jeunes_jpeniel_events\src\assets\demos\ebook\ebook.css", "CSS", 0, 0, 0, 0, 0, 0, 0, 0, 0, 0, 110, 12, 0, 122
"d:\Jpeniel\jeunes_jpeniel_events\src\assets\demos\travel-agency\travel-agency.css", "CSS", 0, 0, 0, 0, 0, 0, 0, 0, 0, 0, 360, 26, 90, 476
"d:\Jpeniel\jeunes_jpeniel_events\src\assets\fonts\feather.svg", "XML", 0, 0, 0, 0, 0, 0, 0, 0, 295, 0, 0, 3, 552, 850
"d:\Jpeniel\jeunes_jpeniel_events\src\assets\fonts\icomoon.svg", "XML", 0, 0, 0, 0, 0, 0, 0, 0, 2096, 0, 0, 0, 0, 2096
"d:\Jpeniel\jeunes_jpeniel_events\src\assets\fonts\themify.svg", "XML", 0, 0, 0, 0, 0, 0, 0, 0, 362, 0, 0, 0, 0, 362
"d:\Jpeniel\jeunes_jpeniel_events\src\assets\images\american-express.svg", "XML", 0, 0, 0, 0, 0, 0, 0, 0, 23, 0, 0, 0, 1, 24
"d:\Jpeniel\jeunes_jpeniel_events\src\assets\images\app-store-black.svg", "XML", 0, 0, 0, 0, 0, 0, 0, 0, 15, 0, 0, 0, 1, 16
"d:\Jpeniel\jeunes_jpeniel_events\src\assets\images\app-store-white.svg", "XML", 0, 0, 0, 0, 0, 0, 0, 0, 15, 0, 0, 0, 1, 16
"d:\Jpeniel\jeunes_jpeniel_events\src\assets\images\awwards.svg", "XML", 0, 0, 0, 0, 0, 0, 0, 0, 20, 0, 0, 0, 1, 21
"d:\Jpeniel\jeunes_jpeniel_events\src\assets\images\blockquote-right-icon.svg", "XML", 0, 0, 0, 0, 0, 0, 0, 0, 3, 0, 0, 0, 1, 4
"d:\Jpeniel\jeunes_jpeniel_events\src\assets\images\colorlib.svg", "XML", 0, 0, 0, 0, 0, 0, 0, 0, 25, 0, 0, 0, 1, 26
"d:\Jpeniel\jeunes_jpeniel_events\src\assets\images\crafto-landing-page-envato-icon.svg", "XML", 0, 0, 0, 0, 0, 0, 0, 0, 10, 0, 0, 0, 1, 11
"d:\Jpeniel\jeunes_jpeniel_events\src\assets\images\crafto-landing-page-specialized-features-bg.svg", "XML", 0, 0, 0, 0, 0, 0, 0, 0, 10, 0, 0, 0, 1, 11
"d:\Jpeniel\jeunes_jpeniel_events\src\assets\images\demo-accounting-company-icon-04.svg", "XML", 0, 0, 0, 0, 0, 0, 0, 0, 6, 0, 0, 0, 1, 7
"d:\Jpeniel\jeunes_jpeniel_events\src\assets\images\demo-accounting-company-icon-05.svg", "XML", 0, 0, 0, 0, 0, 0, 0, 0, 6, 0, 0, 0, 1, 7
"d:\Jpeniel\jeunes_jpeniel_events\src\assets\images\demo-accounting-company-icon-06.svg", "XML", 0, 0, 0, 0, 0, 0, 0, 0, 6, 0, 0, 0, 1, 7
"d:\Jpeniel\jeunes_jpeniel_events\src\assets\images\demo-accounting-company-icon01.svg", "XML", 0, 0, 0, 0, 0, 0, 0, 0, 11, 0, 0, 0, 1, 12
"d:\Jpeniel\jeunes_jpeniel_events\src\assets\images\demo-accounting-company-icon02.svg", "XML", 0, 0, 0, 0, 0, 0, 0, 0, 14, 0, 0, 0, 1, 15
"d:\Jpeniel\jeunes_jpeniel_events\src\assets\images\demo-accounting-company-icon03.svg", "XML", 0, 0, 0, 0, 0, 0, 0, 0, 11, 0, 0, 0, 1, 12
"d:\Jpeniel\jeunes_jpeniel_events\src\assets\images\demo-architecture-dotted-pattern.svg", "XML", 0, 0, 0, 0, 0, 0, 0, 0, 10, 0, 0, 0, 1, 11
"d:\Jpeniel\jeunes_jpeniel_events\src\assets\images\demo-barber-icon-01.svg", "XML", 0, 0, 0, 0, 0, 0, 0, 0, 46, 0, 0, 0, 2, 48
"d:\Jpeniel\jeunes_jpeniel_events\src\assets\images\demo-barber-icon-02.svg", "XML", 0, 0, 0, 0, 0, 0, 0, 0, 15, 0, 0, 0, 1, 16
"d:\Jpeniel\jeunes_jpeniel_events\src\assets\images\demo-barber-icon-03.svg", "XML", 0, 0, 0, 0, 0, 0, 0, 0, 42, 0, 0, 0, 2, 44
"d:\Jpeniel\jeunes_jpeniel_events\src\assets\images\demo-barber-icon-04.svg", "XML", 0, 0, 0, 0, 0, 0, 0, 0, 57, 0, 0, 0, 2, 59
"d:\Jpeniel\jeunes_jpeniel_events\src\assets\images\demo-branding-agency-pattern.svg", "XML", 0, 0, 0, 0, 0, 0, 0, 0, 62, 0, 0, 0, 1, 63
"d:\Jpeniel\jeunes_jpeniel_events\src\assets\images\demo-cryptocurrency-app-store.svg", "XML", 0, 0, 0, 0, 0, 0, 0, 0, 27, 0, 0, 0, 1, 28
"d:\Jpeniel\jeunes_jpeniel_events\src\assets\images\demo-cryptocurrency-google-play-icon.svg", "XML", 0, 0, 0, 0, 0, 0, 0, 0, 34, 0, 0, 0, 1, 35
"d:\Jpeniel\jeunes_jpeniel_events\src\assets\images\demo-cryptocurrency-highlight-separator-02.svg", "XML", 0, 0, 0, 0, 0, 0, 0, 0, 4, 0, 0, 0, 1, 5
"d:\Jpeniel\jeunes_jpeniel_events\src\assets\images\demo-cryptocurrency-highlight-separator-small.svg", "XML", 0, 0, 0, 0, 0, 0, 0, 0, 10, 0, 0, 0, 1, 11
"d:\Jpeniel\jeunes_jpeniel_events\src\assets\images\demo-cryptocurrency-highlight-separator-very-small.svg", "XML", 0, 0, 0, 0, 0, 0, 0, 0, 4, 0, 0, 0, 1, 5
"d:\Jpeniel\jeunes_jpeniel_events\src\assets\images\demo-cryptocurrency-highlight-separator.svg", "XML", 0, 0, 0, 0, 0, 0, 0, 0, 4, 0, 0, 0, 1, 5
"d:\Jpeniel\jeunes_jpeniel_events\src\assets\images\demo-cryptocurrency-icon-01.svg", "XML", 0, 0, 0, 0, 0, 0, 0, 0, 4, 0, 0, 0, 1, 5
"d:\Jpeniel\jeunes_jpeniel_events\src\assets\images\demo-cryptocurrency-icon-02.svg", "XML", 0, 0, 0, 0, 0, 0, 0, 0, 9, 0, 0, 0, 1, 10
"d:\Jpeniel\jeunes_jpeniel_events\src\assets\images\demo-cryptocurrency-icon-03.svg", "XML", 0, 0, 0, 0, 0, 0, 0, 0, 4, 0, 0, 0, 1, 5
"d:\Jpeniel\jeunes_jpeniel_events\src\assets\images\demo-cryptocurrency-icon-04.svg", "XML", 0, 0, 0, 0, 0, 0, 0, 0, 8, 0, 0, 0, 1, 9
"d:\Jpeniel\jeunes_jpeniel_events\src\assets\images\demo-cryptocurrency-icon-05.svg", "XML", 0, 0, 0, 0, 0, 0, 0, 0, 4, 0, 0, 0, 1, 5
"d:\Jpeniel\jeunes_jpeniel_events\src\assets\images\demo-cryptocurrency-icon-06.svg", "XML", 0, 0, 0, 0, 0, 0, 0, 0, 4, 0, 0, 0, 1, 5
"d:\Jpeniel\jeunes_jpeniel_events\src\assets\images\demo-cryptocurrency-icon-07.svg", "XML", 0, 0, 0, 0, 0, 0, 0, 0, 5, 0, 0, 0, 1, 6
"d:\Jpeniel\jeunes_jpeniel_events\src\assets\images\demo-cryptocurrency-icon-08.svg", "XML", 0, 0, 0, 0, 0, 0, 0, 0, 9, 0, 0, 0, 1, 10
"d:\Jpeniel\jeunes_jpeniel_events\src\assets\images\demo-cryptocurrency-icon-09.svg", "XML", 0, 0, 0, 0, 0, 0, 0, 0, 12, 0, 0, 0, 1, 13
"d:\Jpeniel\jeunes_jpeniel_events\src\assets\images\demo-design-agency-vertical-line-bg.svg", "XML", 0, 0, 0, 0, 0, 0, 0, 0, 11, 0, 0, 0, 1, 12
"d:\Jpeniel\jeunes_jpeniel_events\src\assets\images\demo-design-agency-vertical-line-footer-bg.svg", "XML", 0, 0, 0, 0, 0, 0, 0, 0, 11, 0, 0, 0, 1, 12
"d:\Jpeniel\jeunes_jpeniel_events\src\assets\images\demo-digital-agency-awwards.svg", "XML", 0, 0, 0, 0, 0, 0, 0, 0, 20, 0, 0, 0, 1, 21
"d:\Jpeniel\jeunes_jpeniel_events\src\assets\images\demo-digital-agency-envato.svg", "XML", 0, 0, 0, 0, 0, 0, 0, 0, 21, 0, 0, 0, 1, 22
"d:\Jpeniel\jeunes_jpeniel_events\src\assets\images\demo-footer-pattern.svg", "XML", 0, 0, 0, 0, 0, 0, 0, 0, 62, 0, 0, 0, 1, 63
"d:\Jpeniel\jeunes_jpeniel_events\src\assets\images\demo-green-energy-highlight-separator.svg", "XML", 0, 0, 0, 0, 0, 0, 0, 0, 3, 0, 0, 0, 1, 4
"d:\Jpeniel\jeunes_jpeniel_events\src\assets\images\demo-horizontal-portfolio-about-awwwards.svg", "XML", 0, 0, 0, 0, 0, 0, 0, 0, 22, 0, 0, 0, 1, 23
"d:\Jpeniel\jeunes_jpeniel_events\src\assets\images\demo-hosting-home-icon-02.svg", "XML", 0, 0, 0, 0, 0, 0, 0, 0, 20, 0, 0, 0, 1, 21
"d:\Jpeniel\jeunes_jpeniel_events\src\assets\images\demo-hosting-home-icon-03.svg", "XML", 0, 0, 0, 0, 0, 0, 0, 0, 19, 0, 0, 0, 1, 20
"d:\Jpeniel\jeunes_jpeniel_events\src\assets\images\demo-hosting-home-icon-04.svg", "XML", 0, 0, 0, 0, 0, 0, 0, 0, 15, 0, 0, 0, 1, 16
"d:\Jpeniel\jeunes_jpeniel_events\src\assets\images\demo-hosting-home-icon-05.svg", "XML", 0, 0, 0, 0, 0, 0, 0, 0, 14, 0, 0, 0, 1, 15
"d:\Jpeniel\jeunes_jpeniel_events\src\assets\images\demo-hosting-home-icon.svg", "XML", 0, 0, 0, 0, 0, 0, 0, 0, 1, 0, 0, 0, 0, 1
"d:\Jpeniel\jeunes_jpeniel_events\src\assets\images\demo-hotel-and-resort-client-01.svg", "XML", 0, 0, 0, 0, 0, 0, 0, 0, 14, 0, 0, 0, 1, 15
"d:\Jpeniel\jeunes_jpeniel_events\src\assets\images\demo-hotel-and-resort-client-02.svg", "XML", 0, 0, 0, 0, 0, 0, 0, 0, 21, 0, 0, 0, 1, 22
"d:\Jpeniel\jeunes_jpeniel_events\src\assets\images\demo-hotel-and-resort-client-03.svg", "XML", 0, 0, 0, 0, 0, 0, 0, 0, 41, 0, 0, 0, 1, 42
"d:\Jpeniel\jeunes_jpeniel_events\src\assets\images\demo-hotel-and-resort-client-04.svg", "XML", 0, 0, 0, 0, 0, 0, 0, 0, 16, 0, 0, 0, 1, 17
"d:\Jpeniel\jeunes_jpeniel_events\src\assets\images\demo-lawyer-practice-areas-icon-01.svg", "XML", 0, 0, 0, 0, 0, 0, 0, 0, 1, 0, 0, 0, 0, 1
"d:\Jpeniel\jeunes_jpeniel_events\src\assets\images\demo-lawyer-practice-areas-icon-02.svg", "XML", 0, 0, 0, 0, 0, 0, 0, 0, 1, 0, 0, 0, 0, 1
"d:\Jpeniel\jeunes_jpeniel_events\src\assets\images\demo-lawyer-practice-areas-icon-03.svg", "XML", 0, 0, 0, 0, 0, 0, 0, 0, 1, 0, 0, 0, 0, 1
"d:\Jpeniel\jeunes_jpeniel_events\src\assets\images\demo-lawyer-practice-areas-icon-04.svg", "XML", 0, 0, 0, 0, 0, 0, 0, 0, 1, 0, 0, 0, 0, 1
"d:\Jpeniel\jeunes_jpeniel_events\src\assets\images\demo-lawyer-practice-areas-icon-05.svg", "XML", 0, 0, 0, 0, 0, 0, 0, 0, 1, 0, 0, 0, 0, 1
"d:\Jpeniel\jeunes_jpeniel_events\src\assets\images\demo-lawyer-practice-areas-icon-06.svg", "XML", 0, 0, 0, 0, 0, 0, 0, 0, 1, 0, 0, 0, 0, 1
"d:\Jpeniel\jeunes_jpeniel_events\src\assets\images\demo-lawyer-practice-areas-icon-07.svg", "XML", 0, 0, 0, 0, 0, 0, 0, 0, 1, 0, 0, 0, 0, 1
"d:\Jpeniel\jeunes_jpeniel_events\src\assets\images\demo-lawyer-practice-areas-icon-08.svg", "XML", 0, 0, 0, 0, 0, 0, 0, 0, 1, 0, 0, 0, 0, 1
"d:\Jpeniel\jeunes_jpeniel_events\src\assets\images\demo-logistics-client-01.svg", "XML", 0, 0, 0, 0, 0, 0, 0, 0, 274, 0, 0, 0, 1, 275
"d:\Jpeniel\jeunes_jpeniel_events\src\assets\images\demo-logistics-client-02.svg", "XML", 0, 0, 0, 0, 0, 0, 0, 0, 17, 0, 0, 0, 1, 18
"d:\Jpeniel\jeunes_jpeniel_events\src\assets\images\demo-logistics-client-03.svg", "XML", 0, 0, 0, 0, 0, 0, 0, 0, 48, 0, 0, 0, 1, 49
"d:\Jpeniel\jeunes_jpeniel_events\src\assets\images\demo-logistics-client-04.svg", "XML", 0, 0, 0, 0, 0, 0, 0, 0, 49, 0, 0, 0, 1, 50
"d:\Jpeniel\jeunes_jpeniel_events\src\assets\images\demo-logistics-client-05.svg", "XML", 0, 0, 0, 0, 0, 0, 0, 0, 24, 0, 0, 0, 1, 25
"d:\Jpeniel\jeunes_jpeniel_events\src\assets\images\demo-logistics-client-06.svg", "XML", 0, 0, 0, 0, 0, 0, 0, 0, 37, 0, 0, 0, 1, 38
"d:\Jpeniel\jeunes_jpeniel_events\src\assets\images\demo-logistics-diagonal-line-01.svg", "XML", 0, 0, 0, 0, 0, 0, 0, 0, 9, 0, 0, 0, 1, 10
"d:\Jpeniel\jeunes_jpeniel_events\src\assets\images\demo-marketing-dot.svg", "XML", 0, 0, 0, 0, 0, 0, 0, 0, 4, 0, 0, 0, 1, 5
"d:\Jpeniel\jeunes_jpeniel_events\src\assets\images\demo-marketing-footer-dot.svg", "XML", 0, 0, 0, 0, 0, 0, 0, 0, 4, 0, 0, 0, 1, 5
"d:\Jpeniel\jeunes_jpeniel_events\src\assets\images\demo-medical-icon-01.svg", "XML", 0, 0, 0, 0, 0, 0, 0, 0, 1, 0, 0, 0, 0, 1
"d:\Jpeniel\jeunes_jpeniel_events\src\assets\images\demo-medical-icon-02.svg", "XML", 0, 0, 0, 0, 0, 0, 0, 0, 1, 0, 0, 0, 0, 1
"d:\Jpeniel\jeunes_jpeniel_events\src\assets\images\demo-medical-icon-03.svg", "XML", 0, 0, 0, 0, 0, 0, 0, 0, 1, 0, 0, 0, 0, 1
"d:\Jpeniel\jeunes_jpeniel_events\src\assets\images\demo-medical-icon-04.svg", "XML", 0, 0, 0, 0, 0, 0, 0, 0, 1, 0, 0, 0, 0, 1
"d:\Jpeniel\jeunes_jpeniel_events\src\assets\images\demo-medical-icon-05.svg", "XML", 0, 0, 0, 0, 0, 0, 0, 0, 1, 0, 0, 0, 0, 1
"d:\Jpeniel\jeunes_jpeniel_events\src\assets\images\demo-medical-icon-06.svg", "XML", 0, 0, 0, 0, 0, 0, 0, 0, 1, 0, 0, 0, 0, 1
"d:\Jpeniel\jeunes_jpeniel_events\src\assets\images\demo-medical-icon-11.svg", "XML", 0, 0, 0, 0, 0, 0, 0, 0, 14, 0, 0, 0, 1, 15
"d:\Jpeniel\jeunes_jpeniel_events\src\assets\images\demo-medical-icon-12.svg", "XML", 0, 0, 0, 0, 0, 0, 0, 0, 18, 0, 0, 0, 1, 19
"d:\Jpeniel\jeunes_jpeniel_events\src\assets\images\demo-medical-icon-13.svg", "XML", 0, 0, 0, 0, 0, 0, 0, 0, 21, 0, 0, 0, 1, 22
"d:\Jpeniel\jeunes_jpeniel_events\src\assets\images\demo-medical-icon-14.svg", "XML", 0, 0, 0, 0, 0, 0, 0, 0, 26, 0, 0, 0, 1, 27
"d:\Jpeniel\jeunes_jpeniel_events\src\assets\images\demo-medical-icon-15.svg", "XML", 0, 0, 0, 0, 0, 0, 0, 0, 17, 0, 0, 0, 1, 18
"d:\Jpeniel\jeunes_jpeniel_events\src\assets\images\demo-medical-icon-16.svg", "XML", 0, 0, 0, 0, 0, 0, 0, 0, 15, 0, 0, 0, 1, 16
"d:\Jpeniel\jeunes_jpeniel_events\src\assets\images\demo-medical-icon-17.svg", "XML", 0, 0, 0, 0, 0, 0, 0, 0, 28, 0, 0, 0, 1, 29
"d:\Jpeniel\jeunes_jpeniel_events\src\assets\images\demo-medical-icon-18.svg", "XML", 0, 0, 0, 0, 0, 0, 0, 0, 13, 0, 0, 0, 1, 14
"d:\Jpeniel\jeunes_jpeniel_events\src\assets\images\demo-medical-pattern-white.svg", "XML", 0, 0, 0, 0, 0, 0, 0, 0, 39, 0, 0, 0, 1, 40
"d:\Jpeniel\jeunes_jpeniel_events\src\assets\images\demo-medical-pattern.svg", "XML", 0, 0, 0, 0, 0, 0, 0, 0, 39, 0, 0, 0, 1, 40
"d:\Jpeniel\jeunes_jpeniel_events\src\assets\images\demo-minimal-portfolio-pattern.svg", "XML", 0, 0, 0, 0, 0, 0, 0, 0, 62, 0, 0, 0, 1, 63
"d:\Jpeniel\jeunes_jpeniel_events\src\assets\images\demo-music-onepage-vertical-line-bg.svg", "XML", 0, 0, 0, 0, 0, 0, 0, 0, 11, 0, 0, 0, 1, 12
"d:\Jpeniel\jeunes_jpeniel_events\src\assets\images\demo-pizza-parlor-home-icon-01.svg", "XML", 0, 0, 0, 0, 0, 0, 0, 0, 70, 0, 0, 0, 2, 72
"d:\Jpeniel\jeunes_jpeniel_events\src\assets\images\demo-pizza-parlor-home-icon-02.svg", "XML", 0, 0, 0, 0, 0, 0, 0, 0, 52, 0, 0, 0, 2, 54
"d:\Jpeniel\jeunes_jpeniel_events\src\assets\images\demo-pizza-parlor-home-icon-03.svg", "XML", 0, 0, 0, 0, 0, 0, 0, 0, 51, 0, 0, 0, 2, 53
"d:\Jpeniel\jeunes_jpeniel_events\src\assets\images\demo-pizza-parlor-home-icon-04.svg", "XML", 0, 0, 0, 0, 0, 0, 0, 0, 37, 0, 0, 0, 2, 39
"d:\Jpeniel\jeunes_jpeniel_events\src\assets\images\demo-pizza-parlor-home-icon-05.svg", "XML", 0, 0, 0, 0, 0, 0, 0, 0, 52, 0, 0, 0, 2, 54
"d:\Jpeniel\jeunes_jpeniel_events\src\assets\images\demo-pizza-parlor-home-icon-06.svg", "XML", 0, 0, 0, 0, 0, 0, 0, 0, 52, 0, 0, 0, 2, 54
"d:\Jpeniel\jeunes_jpeniel_events\src\assets\images\demo-real-estate-icon-apartment.svg", "XML", 0, 0, 0, 0, 0, 0, 0, 0, 60, 0, 0, 0, 1, 61
"d:\Jpeniel\jeunes_jpeniel_events\src\assets\images\demo-real-estate-icon-bath-small.svg", "XML", 0, 0, 0, 0, 0, 0, 0, 0, 18, 0, 0, 0, 1, 19
"d:\Jpeniel\jeunes_jpeniel_events\src\assets\images\demo-real-estate-icon-bath.svg", "XML", 0, 0, 0, 0, 0, 0, 0, 0, 10, 0, 0, 0, 1, 11
"d:\Jpeniel\jeunes_jpeniel_events\src\assets\images\demo-real-estate-icon-bed-small.svg", "XML", 0, 0, 0, 0, 0, 0, 0, 0, 23, 0, 0, 0, 1, 24
"d:\Jpeniel\jeunes_jpeniel_events\src\assets\images\demo-real-estate-icon-bed.svg", "XML", 0, 0, 0, 0, 0, 0, 0, 0, 10, 0, 0, 0, 1, 11
"d:\Jpeniel\jeunes_jpeniel_events\src\assets\images\demo-real-estate-icon-car.svg", "XML", 0, 0, 0, 0, 0, 0, 0, 0, 16, 0, 0, 0, 1, 17
"d:\Jpeniel\jeunes_jpeniel_events\src\assets\images\demo-real-estate-icon-condominium.svg", "XML", 0, 0, 0, 0, 0, 0, 0, 0, 12, 0, 0, 0, 1, 13
"d:\Jpeniel\jeunes_jpeniel_events\src\assets\images\demo-real-estate-icon-home.svg", "XML", 0, 0, 0, 0, 0, 0, 0, 0, 12, 0, 0, 0, 1, 13
"d:\Jpeniel\jeunes_jpeniel_events\src\assets\images\demo-real-estate-icon-office.svg", "XML", 0, 0, 0, 0, 0, 0, 0, 0, 43, 0, 0, 0, 1, 44
"d:\Jpeniel\jeunes_jpeniel_events\src\assets\images\demo-real-estate-icon-shop.svg", "XML", 0, 0, 0, 0, 0, 0, 0, 0, 22, 0, 0, 0, 1, 23
"d:\Jpeniel\jeunes_jpeniel_events\src\assets\images\demo-real-estate-icon-size-small.svg", "XML", 0, 0, 0, 0, 0, 0, 0, 0, 23, 0, 0, 0, 1, 24
"d:\Jpeniel\jeunes_jpeniel_events\src\assets\images\demo-real-estate-icon-swimming.svg", "XML", 0, 0, 0, 0, 0, 0, 0, 0, 13, 0, 0, 0, 1, 14
"d:\Jpeniel\jeunes_jpeniel_events\src\assets\images\demo-real-estate-logo-01.svg", "XML", 0, 0, 0, 0, 0, 0, 0, 0, 4, 0, 0, 0, 1, 5
"d:\Jpeniel\jeunes_jpeniel_events\src\assets\images\demo-real-estate-logo-02.svg", "XML", 0, 0, 0, 0, 0, 0, 0, 0, 13, 0, 0, 0, 1, 14
"d:\Jpeniel\jeunes_jpeniel_events\src\assets\images\demo-real-estate-logo-03.svg", "XML", 0, 0, 0, 0, 0, 0, 0, 0, 3, 0, 0, 0, 1, 4
"d:\Jpeniel\jeunes_jpeniel_events\src\assets\images\demo-real-estate-property-details-06.svg", "XML", 0, 0, 0, 0, 0, 0, 0, 0, 1, 0, 0, 0, 0, 1
"d:\Jpeniel\jeunes_jpeniel_events\src\assets\images\demo-real-estate-property-details-08.svg", "XML", 0, 0, 0, 0, 0, 0, 0, 0, 1, 0, 0, 0, 0, 1
"d:\Jpeniel\jeunes_jpeniel_events\src\assets\images\demo-real-estate-property-details-09.svg", "XML", 0, 0, 0, 0, 0, 0, 0, 0, 1, 0, 0, 0, 0, 1
"d:\Jpeniel\jeunes_jpeniel_events\src\assets\images\demo-real-estate-property-details-10.svg", "XML", 0, 0, 0, 0, 0, 0, 0, 0, 1, 0, 0, 0, 0, 1
"d:\Jpeniel\jeunes_jpeniel_events\src\assets\images\demo-real-estate-property-details-11.svg", "XML", 0, 0, 0, 0, 0, 0, 0, 0, 1, 0, 0, 0, 0, 1
"d:\Jpeniel\jeunes_jpeniel_events\src\assets\images\demo-real-estate-property-details-12.svg", "XML", 0, 0, 0, 0, 0, 0, 0, 0, 1, 0, 0, 0, 0, 1
"d:\Jpeniel\jeunes_jpeniel_events\src\assets\images\demo-real-estate-property-details-13.svg", "XML", 0, 0, 0, 0, 0, 0, 0, 0, 1, 0, 0, 0, 0, 1
"d:\Jpeniel\jeunes_jpeniel_events\src\assets\images\demo-real-estate-property-details-14.svg", "XML", 0, 0, 0, 0, 0, 0, 0, 0, 1, 0, 0, 0, 0, 1
"d:\Jpeniel\jeunes_jpeniel_events\src\assets\images\demo-real-estate-property-details-15.svg", "XML", 0, 0, 0, 0, 0, 0, 0, 0, 1, 0, 0, 0, 0, 1
"d:\Jpeniel\jeunes_jpeniel_events\src\assets\images\demo-real-estate-trustpilot.svg", "XML", 0, 0, 0, 0, 0, 0, 0, 0, 7, 0, 0, 0, 1, 8
"d:\Jpeniel\jeunes_jpeniel_events\src\assets\images\demo-seo-agency-icon-01.svg", "XML", 0, 0, 0, 0, 0, 0, 0, 0, 6, 0, 0, 0, 1, 7
"d:\Jpeniel\jeunes_jpeniel_events\src\assets\images\demo-seo-agency-icon-02.svg", "XML", 0, 0, 0, 0, 0, 0, 0, 0, 59, 0, 0, 0, 2, 61
"d:\Jpeniel\jeunes_jpeniel_events\src\assets\images\demo-seo-agency-icon-03.svg", "XML", 0, 0, 0, 0, 0, 0, 0, 0, 61, 0, 0, 0, 2, 63
"d:\Jpeniel\jeunes_jpeniel_events\src\assets\images\demo-seo-agency-icon-04.svg", "XML", 0, 0, 0, 0, 0, 0, 0, 0, 55, 0, 0, 0, 2, 57
"d:\Jpeniel\jeunes_jpeniel_events\src\assets\images\demo-seo-agency-vertical-line-bg.svg", "XML", 0, 0, 0, 0, 0, 0, 0, 0, 12, 0, 0, 0, 1, 13
"d:\Jpeniel\jeunes_jpeniel_events\src\assets\images\demo-vertical-portfolio-dotted-pattern.svg", "XML", 0, 0, 0, 0, 0, 0, 0, 0, 10, 0, 0, 0, 1, 11
"d:\Jpeniel\jeunes_jpeniel_events\src\assets\images\diners-club.svg", "XML", 0, 0, 0, 0, 0, 0, 0, 0, 19, 0, 0, 0, 1, 20
"d:\Jpeniel\jeunes_jpeniel_events\src\assets\images\discover.svg", "XML", 0, 0, 0, 0, 0, 0, 0, 0, 101, 0, 0, 0, 1, 102
"d:\Jpeniel\jeunes_jpeniel_events\src\assets\images\envato.svg", "XML", 0, 0, 0, 0, 0, 0, 0, 0, 21, 0, 0, 0, 1, 22
"d:\Jpeniel\jeunes_jpeniel_events\src\assets\images\fwa.svg", "XML", 0, 0, 0, 0, 0, 0, 0, 0, 19, 0, 0, 0, 1, 20
"d:\Jpeniel\jeunes_jpeniel_events\src\assets\images\highlight-separator-ebook.svg", "XML", 0, 0, 0, 0, 0, 0, 0, 0, 1, 0, 0, 0, 0, 1
"d:\Jpeniel\jeunes_jpeniel_events\src\assets\images\highlight-separator.svg", "XML", 0, 0, 0, 0, 0, 0, 0, 0, 1, 0, 0, 0, 0, 1
"d:\Jpeniel\jeunes_jpeniel_events\src\assets\images\logo-adidas.svg", "XML", 0, 0, 0, 0, 0, 0, 0, 0, 10, 0, 0, 0, 1, 11
"d:\Jpeniel\jeunes_jpeniel_events\src\assets\images\logo-amazon-dark-blue.svg", "XML", 0, 0, 0, 0, 0, 0, 0, 0, 28, 0, 0, 0, 1, 29
"d:\Jpeniel\jeunes_jpeniel_events\src\assets\images\logo-amazon-dark-gray.svg", "XML", 0, 0, 0, 0, 0, 0, 0, 0, 26, 0, 0, 0, 1, 27
"d:\Jpeniel\jeunes_jpeniel_events\src\assets\images\logo-amazon-white.svg", "XML", 0, 0, 0, 0, 0, 0, 0, 0, 26, 0, 0, 0, 1, 27
"d:\Jpeniel\jeunes_jpeniel_events\src\assets\images\logo-amazon.svg", "XML", 0, 0, 0, 0, 0, 0, 0, 0, 26, 0, 0, 0, 1, 27
"d:\Jpeniel\jeunes_jpeniel_events\src\assets\images\logo-asos.svg", "XML", 0, 0, 0, 0, 0, 0, 0, 0, 3, 0, 0, 0, 1, 4
"d:\Jpeniel\jeunes_jpeniel_events\src\assets\images\logo-awwwards-white.svg", "XML", 0, 0, 0, 0, 0, 0, 0, 0, 20, 0, 0, 0, 1, 21
"d:\Jpeniel\jeunes_jpeniel_events\src\assets\images\logo-celine.svg", "XML", 0, 0, 0, 0, 0, 0, 0, 0, 3, 0, 0, 0, 1, 4
"d:\Jpeniel\jeunes_jpeniel_events\src\assets\images\logo-chanel.svg", "XML", 0, 0, 0, 0, 0, 0, 0, 0, 3, 0, 0, 0, 1, 4
"d:\Jpeniel\jeunes_jpeniel_events\src\assets\images\logo-dropbox-dark-blue.svg", "XML", 0, 0, 0, 0, 0, 0, 0, 0, 20, 0, 0, 0, 1, 21
"d:\Jpeniel\jeunes_jpeniel_events\src\assets\images\logo-dropbox-dark-gray-02.svg", "XML", 0, 0, 0, 0, 0, 0, 0, 0, 13, 0, 0, 0, 1, 14
"d:\Jpeniel\jeunes_jpeniel_events\src\assets\images\logo-dropbox-dark-green.svg", "XML", 0, 0, 0, 0, 0, 0, 0, 0, 13, 0, 0, 0, 1, 14
"d:\Jpeniel\jeunes_jpeniel_events\src\assets\images\logo-envato-white.svg", "XML", 0, 0, 0, 0, 0, 0, 0, 0, 23, 0, 0, 0, 1, 24
"d:\Jpeniel\jeunes_jpeniel_events\src\assets\images\logo-envato.svg", "XML", 0, 0, 0, 0, 0, 0, 0, 0, 23, 0, 0, 0, 1, 24
"d:\Jpeniel\jeunes_jpeniel_events\src\assets\images\logo-github-icon-dark-blue.svg", "XML", 0, 0, 0, 0, 0, 0, 0, 0, 10, 0, 0, 0, 1, 11
"d:\Jpeniel\jeunes_jpeniel_events\src\assets\images\logo-google-dark-gray.svg", "XML", 0, 0, 0, 0, 0, 0, 0, 0, 2, 0, 0, 0, 1, 3
"d:\Jpeniel\jeunes_jpeniel_events\src\assets\images\logo-google-white.svg", "XML", 0, 0, 0, 0, 0, 0, 0, 0, 2, 0, 0, 0, 1, 3
"d:\Jpeniel\jeunes_jpeniel_events\src\assets\images\logo-google.svg", "XML", 0, 0, 0, 0, 0, 0, 0, 0, 2, 0, 0, 0, 1, 3
"d:\Jpeniel\jeunes_jpeniel_events\src\assets\images\logo-gucci.svg", "XML", 0, 0, 0, 0, 0, 0, 0, 0, 9, 0, 0, 0, 1, 10
"d:\Jpeniel\jeunes_jpeniel_events\src\assets\images\logo-invision-dark-blue.svg", "XML", 0, 0, 0, 0, 0, 0, 0, 0, 20, 0, 0, 0, 1, 21
"d:\Jpeniel\jeunes_jpeniel_events\src\assets\images\logo-invision-dark-gray.svg", "XML", 0, 0, 0, 0, 0, 0, 0, 0, 15, 0, 0, 0, 1, 16
"d:\Jpeniel\jeunes_jpeniel_events\src\assets\images\logo-invision-oxford-blue.svg", "XML", 0, 0, 0, 0, 0, 0, 0, 0, 15, 0, 0, 0, 1, 16
"d:\Jpeniel\jeunes_jpeniel_events\src\assets\images\logo-invision-white.svg", "XML", 0, 0, 0, 0, 0, 0, 0, 0, 15, 0, 0, 0, 1, 16
"d:\Jpeniel\jeunes_jpeniel_events\src\assets\images\logo-invision.svg", "XML", 0, 0, 0, 0, 0, 0, 0, 0, 15, 0, 0, 0, 1, 16
"d:\Jpeniel\jeunes_jpeniel_events\src\assets\images\logo-jquery-dark-gray.svg", "XML", 0, 0, 0, 0, 0, 0, 0, 0, 57, 0, 0, 0, 1, 58
"d:\Jpeniel\jeunes_jpeniel_events\src\assets\images\logo-jquery.svg", "XML", 0, 0, 0, 0, 0, 0, 0, 0, 57, 0, 0, 0, 1, 58
"d:\Jpeniel\jeunes_jpeniel_events\src\assets\images\logo-less-dark-gray.svg", "XML", 0, 0, 0, 0, 0, 0, 0, 0, 14, 0, 0, 0, 1, 15
"d:\Jpeniel\jeunes_jpeniel_events\src\assets\images\logo-less-white.svg", "XML", 0, 0, 0, 0, 0, 0, 0, 0, 14, 0, 0, 0, 1, 15
"d:\Jpeniel\jeunes_jpeniel_events\src\assets\images\logo-less.svg", "XML", 0, 0, 0, 0, 0, 0, 0, 0, 14, 0, 0, 0, 1, 15
"d:\Jpeniel\jeunes_jpeniel_events\src\assets\images\logo-logitech-dark-gray.svg", "XML", 0, 0, 0, 0, 0, 0, 0, 0, 21, 0, 0, 0, 1, 22
"d:\Jpeniel\jeunes_jpeniel_events\src\assets\images\logo-logitech-oxford-blue.svg", "XML", 0, 0, 0, 0, 0, 0, 0, 0, 21, 0, 0, 0, 1, 22
"d:\Jpeniel\jeunes_jpeniel_events\src\assets\images\logo-logitech-white.svg", "XML", 0, 0, 0, 0, 0, 0, 0, 0, 21, 0, 0, 0, 1, 22
"d:\Jpeniel\jeunes_jpeniel_events\src\assets\images\logo-logitech.svg", "XML", 0, 0, 0, 0, 0, 0, 0, 0, 21, 0, 0, 0, 1, 22
"d:\Jpeniel\jeunes_jpeniel_events\src\assets\images\logo-loitech-dark-blue.svg", "XML", 0, 0, 0, 0, 0, 0, 0, 0, 21, 0, 0, 0, 1, 22
"d:\Jpeniel\jeunes_jpeniel_events\src\assets\images\logo-monday-dark-blue-01.svg", "XML", 0, 0, 0, 0, 0, 0, 0, 0, 17, 0, 0, 0, 1, 18
"d:\Jpeniel\jeunes_jpeniel_events\src\assets\images\logo-monday-dark-blue.svg", "XML", 0, 0, 0, 0, 0, 0, 0, 0, 22, 0, 0, 0, 1, 23
"d:\Jpeniel\jeunes_jpeniel_events\src\assets\images\logo-monday-dark-gray-02.svg", "XML", 0, 0, 0, 0, 0, 0, 0, 0, 17, 0, 0, 0, 1, 18
"d:\Jpeniel\jeunes_jpeniel_events\src\assets\images\logo-monday-dark-gray.svg", "XML", 0, 0, 0, 0, 0, 0, 0, 0, 17, 0, 0, 0, 1, 18
"d:\Jpeniel\jeunes_jpeniel_events\src\assets\images\logo-monday-dark-green.svg", "XML", 0, 0, 0, 0, 0, 0, 0, 0, 17, 0, 0, 0, 1, 18
"d:\Jpeniel\jeunes_jpeniel_events\src\assets\images\logo-monday-oxford-blue.svg", "XML", 0, 0, 0, 0, 0, 0, 0, 0, 17, 0, 0, 0, 1, 18
"d:\Jpeniel\jeunes_jpeniel_events\src\assets\images\logo-monday-white.svg", "XML", 0, 0, 0, 0, 0, 0, 0, 0, 17, 0, 0, 0, 1, 18
"d:\Jpeniel\jeunes_jpeniel_events\src\assets\images\logo-monday.svg", "XML", 0, 0, 0, 0, 0, 0, 0, 0, 17, 0, 0, 0, 1, 18
"d:\Jpeniel\jeunes_jpeniel_events\src\assets\images\logo-netflix-dark-blue.svg", "XML", 0, 0, 0, 0, 0, 0, 0, 0, 25, 0, 0, 0, 1, 26
"d:\Jpeniel\jeunes_jpeniel_events\src\assets\images\logo-netflix-dark-gray.svg", "XML", 0, 0, 0, 0, 0, 0, 0, 0, 20, 0, 0, 0, 1, 21
"d:\Jpeniel\jeunes_jpeniel_events\src\assets\images\logo-netflix-oxford-blue.svg", "XML", 0, 0, 0, 0, 0, 0, 0, 0, 20, 0, 0, 0, 1, 21
"d:\Jpeniel\jeunes_jpeniel_events\src\assets\images\logo-netflix-white.svg", "XML", 0, 0, 0, 0, 0, 0, 0, 0, 20, 0, 0, 0, 1, 21
"d:\Jpeniel\jeunes_jpeniel_events\src\assets\images\logo-netflix.svg", "XML", 0, 0, 0, 0, 0, 0, 0, 0, 20, 0, 0, 0, 1, 21
"d:\Jpeniel\jeunes_jpeniel_events\src\assets\images\logo-nike.svg", "XML", 0, 0, 0, 0, 0, 0, 0, 0, 3, 0, 0, 0, 1, 4
"d:\Jpeniel\jeunes_jpeniel_events\src\assets\images\logo-paypal-dark-gray.svg", "XML", 0, 0, 0, 0, 0, 0, 0, 0, 23, 0, 0, 0, 1, 24
"d:\Jpeniel\jeunes_jpeniel_events\src\assets\images\logo-paypal.svg", "XML", 0, 0, 0, 0, 0, 0, 0, 0, 23, 0, 0, 0, 1, 24
"d:\Jpeniel\jeunes_jpeniel_events\src\assets\images\logo-pingdom-dark-gray.svg", "XML", 0, 0, 0, 0, 0, 0, 0, 0, 21, 0, 0, 0, 1, 22
"d:\Jpeniel\jeunes_jpeniel_events\src\assets\images\logo-pingdom-white.svg", "XML", 0, 0, 0, 0, 0, 0, 0, 0, 21, 0, 0, 0, 1, 22
"d:\Jpeniel\jeunes_jpeniel_events\src\assets\images\logo-pingdom.svg", "XML", 0, 0, 0, 0, 0, 0, 0, 0, 21, 0, 0, 0, 1, 22
"d:\Jpeniel\jeunes_jpeniel_events\src\assets\images\logo-realtor.svg", "XML", 0, 0, 0, 0, 0, 0, 0, 0, 17, 0, 0, 0, 1, 18
"d:\Jpeniel\jeunes_jpeniel_events\src\assets\images\logo-redfin.svg", "XML", 0, 0, 0, 0, 0, 0, 0, 0, 26, 0, 0, 0, 1, 27
"d:\Jpeniel\jeunes_jpeniel_events\src\assets\images\logo-remax.svg", "XML", 0, 0, 0, 0, 0, 0, 0, 0, 23, 0, 0, 0, 1, 24
"d:\Jpeniel\jeunes_jpeniel_events\src\assets\images\logo-slack-dark-blue.svg", "XML", 0, 0, 0, 0, 0, 0, 0, 0, 43, 0, 0, 0, 1, 44
"d:\Jpeniel\jeunes_jpeniel_events\src\assets\images\logo-slack-dark-gray-02.svg", "XML", 0, 0, 0, 0, 0, 0, 0, 0, 16, 0, 0, 0, 1, 17
"d:\Jpeniel\jeunes_jpeniel_events\src\assets\images\logo-slack-dark-gray.svg", "XML", 0, 0, 0, 0, 0, 0, 0, 0, 1, 0, 0, 0, 0, 1
"d:\Jpeniel\jeunes_jpeniel_events\src\assets\images\logo-slack-dark-green.svg", "XML", 0, 0, 0, 0, 0, 0, 0, 0, 16, 0, 0, 0, 1, 17
"d:\Jpeniel\jeunes_jpeniel_events\src\assets\images\logo-slack.svg", "XML", 0, 0, 0, 0, 0, 0, 0, 0, 1, 0, 0, 0, 0, 1
"d:\Jpeniel\jeunes_jpeniel_events\src\assets\images\logo-trulia.svg", "XML", 0, 0, 0, 0, 0, 0, 0, 0, 10, 0, 0, 0, 1, 11
"d:\Jpeniel\jeunes_jpeniel_events\src\assets\images\logo-twitter-icon-dark-blue.svg", "XML", 0, 0, 0, 0, 0, 0, 0, 0, 17, 0, 0, 0, 1, 18
"d:\Jpeniel\jeunes_jpeniel_events\src\assets\images\logo-walmart-dark-blue.svg", "XML", 0, 0, 0, 0, 0, 0, 0, 0, 24, 0, 0, 0, 1, 25
"d:\Jpeniel\jeunes_jpeniel_events\src\assets\images\logo-walmart-dark-gray.svg", "XML", 0, 0, 0, 0, 0, 0, 0, 0, 94, 0, 0, 1, 1, 96
"d:\Jpeniel\jeunes_jpeniel_events\src\assets\images\logo-walmart-oxford-blue.svg", "XML", 0, 0, 0, 0, 0, 0, 0, 0, 94, 0, 0, 1, 1, 96
"d:\Jpeniel\jeunes_jpeniel_events\src\assets\images\logo-walmart-white.svg", "XML", 0, 0, 0, 0, 0, 0, 0, 0, 14, 0, 0, 0, 1, 15
"d:\Jpeniel\jeunes_jpeniel_events\src\assets\images\logo-walmart.svg", "XML", 0, 0, 0, 0, 0, 0, 0, 0, 94, 0, 0, 1, 1, 96
"d:\Jpeniel\jeunes_jpeniel_events\src\assets\images\logo-woocommerce-white.svg", "XML", 0, 0, 0, 0, 0, 0, 0, 0, 25, 0, 0, 0, 1, 26
"d:\Jpeniel\jeunes_jpeniel_events\src\assets\images\logo-woocommerce.svg", "XML", 0, 0, 0, 0, 0, 0, 0, 0, 25, 0, 0, 0, 1, 26
"d:\Jpeniel\jeunes_jpeniel_events\src\assets\images\logo-yahoo-dark-blue.svg", "XML", 0, 0, 0, 0, 0, 0, 0, 0, 35, 0, 0, 0, 1, 36
"d:\Jpeniel\jeunes_jpeniel_events\src\assets\images\logo-yahoo-oxford-blue.svg", "XML", 0, 0, 0, 0, 0, 0, 0, 0, 30, 0, 0, 0, 1, 31
"d:\Jpeniel\jeunes_jpeniel_events\src\assets\images\logo-yahoo-white.svg", "XML", 0, 0, 0, 0, 0, 0, 0, 0, 30, 0, 0, 0, 1, 31
"d:\Jpeniel\jeunes_jpeniel_events\src\assets\images\logo-yahoo.svg", "XML", 0, 0, 0, 0, 0, 0, 0, 0, 30, 0, 0, 0, 1, 31
"d:\Jpeniel\jeunes_jpeniel_events\src\assets\images\logo-zara.svg", "XML", 0, 0, 0, 0, 0, 0, 0, 0, 3, 0, 0, 0, 1, 4
"d:\Jpeniel\jeunes_jpeniel_events\src\assets\images\logo-zillow.svg", "XML", 0, 0, 0, 0, 0, 0, 0, 0, 13, 0, 0, 0, 1, 14
"d:\Jpeniel\jeunes_jpeniel_events\src\assets\images\map-marker.svg", "XML", 0, 0, 0, 0, 0, 0, 0, 0, 3, 0, 0, 0, 0, 3
"d:\Jpeniel\jeunes_jpeniel_events\src\assets\images\mastercard.svg", "XML", 0, 0, 0, 0, 0, 0, 0, 0, 57, 0, 0, 0, 1, 58
"d:\Jpeniel\jeunes_jpeniel_events\src\assets\images\play-store-black.svg", "XML", 0, 0, 0, 0, 0, 0, 0, 0, 9, 0, 0, 0, 1, 10
"d:\Jpeniel\jeunes_jpeniel_events\src\assets\images\play-store-white.svg", "XML", 0, 0, 0, 0, 0, 0, 0, 0, 15, 0, 0, 0, 1, 16
"d:\Jpeniel\jeunes_jpeniel_events\src\assets\images\reviewsio.svg", "XML", 0, 0, 0, 0, 0, 0, 0, 0, 31, 0, 0, 0, 1, 32
"d:\Jpeniel\jeunes_jpeniel_events\src\assets\images\shop-four-column.svg", "XML", 0, 0, 0, 0, 0, 0, 0, 0, 15, 0, 0, 0, 1, 16
"d:\Jpeniel\jeunes_jpeniel_events\src\assets\images\shop-list.svg", "XML", 0, 0, 0, 0, 0, 0, 0, 0, 14, 0, 0, 0, 1, 15
"d:\Jpeniel\jeunes_jpeniel_events\src\assets\images\shop-three-column.svg", "XML", 0, 0, 0, 0, 0, 0, 0, 0, 14, 0, 0, 0, 1, 15
"d:\Jpeniel\jeunes_jpeniel_events\src\assets\images\shop-two-column.svg", "XML", 0, 0, 0, 0, 0, 0, 0, 0, 13, 0, 0, 0, 1, 14
"d:\Jpeniel\jeunes_jpeniel_events\src\assets\images\tripadvisor-icon.svg", "XML", 0, 0, 0, 0, 0, 0, 0, 0, 13, 0, 0, 0, 1, 14
"d:\Jpeniel\jeunes_jpeniel_events\src\assets\images\union-pay.svg", "XML", 0, 0, 0, 0, 0, 0, 0, 0, 30, 0, 0, 0, 1, 31
"d:\Jpeniel\jeunes_jpeniel_events\src\assets\images\vertical-center-line-bg-dark.svg", "XML", 0, 0, 0, 0, 0, 0, 0, 0, 4, 0, 0, 0, 1, 5
"d:\Jpeniel\jeunes_jpeniel_events\src\assets\images\vertical-center-line-bg.svg", "XML", 0, 0, 0, 0, 0, 0, 0, 0, 4, 0, 0, 0, 1, 5
"d:\Jpeniel\jeunes_jpeniel_events\src\assets\images\vertical-line-bg-dark.svg", "XML", 0, 0, 0, 0, 0, 0, 0, 0, 11, 0, 0, 0, 1, 12
"d:\Jpeniel\jeunes_jpeniel_events\src\assets\images\vertical-line-bg-medium-gray.svg", "XML", 0, 0, 0, 0, 0, 0, 0, 0, 11, 0, 0, 0, 1, 12
"d:\Jpeniel\jeunes_jpeniel_events\src\assets\images\vertical-line-bg-small-light-gray-02.svg", "XML", 0, 0, 0, 0, 0, 0, 0, 0, 11, 0, 0, 0, 1, 12
"d:\Jpeniel\jeunes_jpeniel_events\src\assets\images\vertical-line-bg-small-light-gray.svg", "XML", 0, 0, 0, 0, 0, 0, 0, 0, 11, 0, 0, 0, 1, 12
"d:\Jpeniel\jeunes_jpeniel_events\src\assets\images\vertical-line-bg-small-medium-gray.svg", "XML", 0, 0, 0, 0, 0, 0, 0, 0, 10, 0, 0, 0, 1, 11
"d:\Jpeniel\jeunes_jpeniel_events\src\assets\images\vertical-line-bg-small.svg", "XML", 0, 0, 0, 0, 0, 0, 0, 0, 11, 0, 0, 0, 1, 12
"d:\Jpeniel\jeunes_jpeniel_events\src\assets\images\vertical-line-bg.svg", "XML", 0, 0, 0, 0, 0, 0, 0, 0, 11, 0, 0, 0, 1, 12
"d:\Jpeniel\jeunes_jpeniel_events\src\assets\images\visa.svg", "XML", 0, 0, 0, 0, 0, 0, 0, 0, 22, 0, 0, 0, 1, 23
"d:\Jpeniel\jeunes_jpeniel_events\src\assets\js\jquery.js", "JavaScript", 0, 0, 1, 0, 0, 0, 0, 0, 0, 0, 0, 6, 1, 8
"d:\Jpeniel\jeunes_jpeniel_events\src\assets\js\main.js", "JavaScript", 0, 0, 3044, 0, 0, 0, 0, 0, 0, 0, 0, 333, 396, 3773
"d:\Jpeniel\jeunes_jpeniel_events\src\assets\js\vendors.js", "JavaScript", 0, 0, 29072, 0, 0, 0, 0, 0, 0, 0, 0, 3259, 3883, 36214
"d:\Jpeniel\jeunes_jpeniel_events\src\assets\js\vendors.min.js", "JavaScript", 0, 0, 33, 0, 0, 0, 0, 0, 0, 0, 0, 165, 0, 198
"d:\Jpeniel\jeunes_jpeniel_events\src\assets\js\vendors\anime.min.js", "JavaScript", 0, 0, 1, 0, 0, 0, 0, 0, 0, 0, 0, 6, 1, 8
"d:\Jpeniel\jeunes_jpeniel_events\src\assets\js\vendors\atropos.js", "JavaScript", 0, 0, 462, 0, 0, 0, 0, 0, 0, 0, 0, 11, 8, 481
"d:\Jpeniel\jeunes_jpeniel_events\src\assets\js\vendors\bootstrap.bundle.js", "JavaScript", 0, 0, 5061, 0, 0, 0, 0, 0, 0, 0, 0, 656, 599, 6316
"d:\Jpeniel\jeunes_jpeniel_events\src\assets\js\vendors\gsap.js", "JavaScript", 0, 0, 4726, 0, 0, 0, 0, 0, 0, 0, 0, 6, 883, 5615
"d:\Jpeniel\jeunes_jpeniel_events\src\assets\js\vendors\imagesloaded.pkgd.js", "JavaScript", 0, 0, 271, 0, 0, 0, 0, 0, 0, 0, 0, 94, 77, 442
"d:\Jpeniel\jeunes_jpeniel_events\src\assets\js\vendors\interactive-portfolio.js", "JavaScript", 0, 0, 353, 0, 0, 0, 0, 0, 0, 0, 0, 7, 41, 401
"d:\Jpeniel\jeunes_jpeniel_events\src\assets\js\vendors\isotope.pkgd.js", "JavaScript", 0, 0, 2198, 0, 0, 0, 0, 0, 0, 0, 0, 827, 535, 3560
"d:\Jpeniel\jeunes_jpeniel_events\src\assets\js\vendors\jquery-cookie.js", "JavaScript", 0, 0, 71, 0, 0, 0, 0, 0, 0, 0, 0, 21, 23, 115
"d:\Jpeniel\jeunes_jpeniel_events\src\assets\js\vendors\jquery.appear.js", "JavaScript", 0, 0, 92, 0, 0, 0, 0, 0, 0, 0, 0, 10, 18, 120
"d:\Jpeniel\jeunes_jpeniel_events\src\assets\js\vendors\jquery.count-to.js", "JavaScript", 0, 0, 106, 0, 0, 0, 0, 0, 0, 0, 0, 9, 21, 136
"d:\Jpeniel\jeunes_jpeniel_events\src\assets\js\vendors\jquery.countdown.js", "JavaScript", 0, 0, 225, 0, 0, 0, 0, 0, 0, 0, 0, 6, 1, 232
"d:\Jpeniel\jeunes_jpeniel_events\src\assets\js\vendors\jquery.easypiechart.js", "JavaScript", 0, 0, 234, 0, 0, 0, 0, 0, 0, 0, 0, 80, 48, 362
"d:\Jpeniel\jeunes_jpeniel_events\src\assets\js\vendors\jquery.fitvids.js", "JavaScript", 0, 0, 62, 0, 0, 0, 0, 0, 0, 0, 0, 9, 13, 84
"d:\Jpeniel\jeunes_jpeniel_events\src\assets\js\vendors\jquery.magnific-popup.js", "JavaScript", 0, 0, 1326, 0, 0, 0, 0, 0, 0, 0, 0, 162, 376, 1864
"d:\Jpeniel\jeunes_jpeniel_events\src\assets\js\vendors\jquery.mcustomscrollbar.concat.min.js", "JavaScript", 0, 0, 3, 0, 0, 0, 0, 0, 0, 0, 0, 12, 2, 17
"d:\Jpeniel\jeunes_jpeniel_events\src\assets\js\vendors\justified-gallery.js", "JavaScript", 0, 0, 776, 0, 0, 0, 0, 0, 0, 0, 0, 318, 152, 1246
"d:\Jpeniel\jeunes_jpeniel_events\src\assets\js\vendors\mapstyles.js", "JavaScript", 0, 0, 1086, 0, 0, 0, 0, 0, 0, 0, 0, 8, 6, 1100
"d:\Jpeniel\jeunes_jpeniel_events\src\assets\js\vendors\parallax.js", "JavaScript", 0, 0, 1, 0, 0, 0, 0, 0, 0, 0, 0, 4, 1, 6
"d:\Jpeniel\jeunes_jpeniel_events\src\assets\js\vendors\parallaxLiquid.js", "JavaScript", 0, 0, 69, 0, 0, 0, 0, 0, 0, 0, 0, 4, 5, 78
"d:\Jpeniel\jeunes_jpeniel_events\src\assets\js\vendors\particles.js", "JavaScript", 0, 0, 1081, 0, 0, 0, 0, 0, 0, 0, 0, 109, 349, 1539
"d:\Jpeniel\jeunes_jpeniel_events\src\assets\js\vendors\retina.min.js", "JavaScript", 0, 0, 1, 0, 0, 0, 0, 0, 0, 0, 0, 6, 1, 8
"d:\Jpeniel\jeunes_jpeniel_events\src\assets\js\vendors\skrollr.js", "JavaScript", 0, 0, 1092, 0, 0, 0, 0, 0, 0, 0, 0, 322, 365, 1779
"d:\Jpeniel\jeunes_jpeniel_events\src\assets\js\vendors\smooth-scroll.js", "JavaScript", 0, 0, 241, 0, 0, 0, 0, 0, 0, 0, 0, 44, 72, 357
"d:\Jpeniel\jeunes_jpeniel_events\src\assets\js\vendors\splitting.js", "JavaScript", 0, 0, 331, 0, 0, 0, 0, 0, 0, 0, 0, 149, 69, 549
"d:\Jpeniel\jeunes_jpeniel_events\src\assets\js\vendors\sticky-kit.js", "JavaScript", 0, 0, 255, 0, 0, 0, 0, 0, 0, 0, 0, 6, 5, 266
"d:\Jpeniel\jeunes_jpeniel_events\src\assets\js\vendors\swiper-bundle.js", "JavaScript", 0, 0, 8948, 0, 0, 0, 0, 0, 0, 0, 0, 373, 212, 9533
"d:\Jpeniel\jeunes_jpeniel_events\src\assets\revolution\css\index.php", "PHP", 0, 0, 0, 0, 0, 0, 0, 0, 0, 0, 0, 0, 1, 1
"d:\Jpeniel\jeunes_jpeniel_events\src\assets\revolution\css\layers.css", "CSS", 0, 0, 0, 0, 0, 0, 0, 0, 0, 0, 5565, 17, 223, 5805
"d:\Jpeniel\jeunes_jpeniel_events\src\assets\revolution\css\navigation-skins\ares.css", "CSS", 0, 0, 0, 0, 0, 0, 0, 0, 0, 0, 215, 13, 14, 242
"d:\Jpeniel\jeunes_jpeniel_events\src\assets\revolution\css\navigation-skins\custom.css", "CSS", 0, 0, 0, 0, 0, 0, 0, 0, 0, 0, 56, 14, 10, 80
"d:\Jpeniel\jeunes_jpeniel_events\src\assets\revolution\css\navigation-skins\dione.css", "CSS", 0, 0, 0, 0, 0, 0, 0, 0, 0, 0, 146, 12, 20, 178
"d:\Jpeniel\jeunes_jpeniel_events\src\assets\revolution\css\navigation-skins\erinyen.css", "CSS", 0, 0, 0, 0, 0, 0, 0, 0, 0, 0, 238, 14, 25, 277
"d:\Jpeniel\jeunes_jpeniel_events\src\assets\revolution\css\navigation-skins\gyges.css", "CSS", 0, 0, 0, 0, 0, 0, 0, 0, 0, 0, 178, 15, 17, 210
"d:\Jpeniel\jeunes_jpeniel_events\src\assets\revolution\css\navigation-skins\hades.css", "CSS", 0, 0, 0, 0, 0, 0, 0, 0, 0, 0, 218, 14, 25, 257
"d:\Jpeniel\jeunes_jpeniel_events\src\assets\revolution\css\navigation-skins\hebe.css", "CSS", 0, 0, 0, 0, 0, 0, 0, 0, 0, 0, 170, 13, 14, 197
"d:\Jpeniel\jeunes_jpeniel_events\src\assets\revolution\css\navigation-skins\hephaistos.css", "CSS", 0, 0, 0, 0, 0, 0, 0, 0, 0, 0, 62, 12, 8, 82
"d:\Jpeniel\jeunes_jpeniel_events\src\assets\revolution\css\navigation-skins\hermes.css", "CSS", 0, 0, 0, 0, 0, 0, 0, 0, 0, 0, 196, 14, 14, 224
"d:\Jpeniel\jeunes_jpeniel_events\src\assets\revolution\css\navigation-skins\hesperiden.css", "CSS", 0, 0, 0, 0, 0, 0, 0, 0, 0, 0, 161, 15, 12, 188
"d:\Jpeniel\jeunes_jpeniel_events\src\assets\revolution\css\navigation-skins\metis.css", "CSS", 0, 0, 0, 0, 0, 0, 0, 0, 0, 0, 181, 13, 13, 207
"d:\Jpeniel\jeunes_jpeniel_events\src\assets\revolution\css\navigation-skins\persephone.css", "CSS", 0, 0, 0, 0, 0, 0, 0, 0, 0, 0, 57, 12, 6, 75
"d:\Jpeniel\jeunes_jpeniel_events\src\assets\revolution\css\navigation-skins\uranus.css", "CSS", 0, 0, 0, 0, 0, 0, 0, 0, 0, 0, 52, 12, 9, 73
"d:\Jpeniel\jeunes_jpeniel_events\src\assets\revolution\css\navigation-skins\zeus.css", "CSS", 0, 0, 0, 0, 0, 0, 0, 0, 0, 0, 242, 14, 25, 281
"d:\Jpeniel\jeunes_jpeniel_events\src\assets\revolution\css\navigation.css", "CSS", 0, 0, 0, 0, 0, 0, 0, 0, 0, 0, 2236, 196, 211, 2643
"d:\Jpeniel\jeunes_jpeniel_events\src\assets\revolution\css\settings-source.css", "CSS", 0, 0, 0, 0, 0, 0, 0, 0, 0, 0, 950, 89, 274, 1313
"d:\Jpeniel\jeunes_jpeniel_events\src\assets\revolution\css\settings.css", "CSS", 0, 0, 0, 0, 0, 0, 0, 0, 0, 0, 1, 12, 0, 13
"d:\Jpeniel\jeunes_jpeniel_events\src\assets\revolution\css\tp-color-picker.css", "CSS", 0, 0, 0, 0, 0, 0, 0, 0, 0, 0, 837, 4, 502, 1343
"d:\Jpeniel\jeunes_jpeniel_events\src\assets\revolution\index.php", "PHP", 0, 0, 0, 0, 0, 0, 0, 0, 0, 0, 0, 0, 1, 1
"d:\Jpeniel\jeunes_jpeniel_events\src\assets\revolution\info.cfg", "Properties", 0, 0, 0, 0, 0, 0, 3, 0, 0, 0, 0, 0, 0, 3
"d:\Jpeniel\jeunes_jpeniel_events\src\assets\revolution\js\extensions\index.php", "PHP", 0, 0, 0, 0, 0, 0, 0, 0, 0, 0, 0, 0, 1, 1
"d:\Jpeniel\jeunes_jpeniel_events\src\assets\revolution\js\extensions\revolution.extension.actions.min.js", "JavaScript", 0, 0, 1, 0, 0, 0, 0, 0, 0, 0, 0, 6, 1, 8
"d:\Jpeniel\jeunes_jpeniel_events\src\assets\revolution\js\extensions\revolution.extension.carousel.min.js", "JavaScript", 0, 0, 1, 0, 0, 0, 0, 0, 0, 0, 0, 6, 0, 7
"d:\Jpeniel\jeunes_jpeniel_events\src\assets\revolution\js\extensions\revolution.extension.kenburn.min.js", "JavaScript", 0, 0, 1, 0, 0, 0, 0, 0, 0, 0, 0, 6, 0, 7
"d:\Jpeniel\jeunes_jpeniel_events\src\assets\revolution\js\extensions\revolution.extension.layeranimation.min.js", "JavaScript", 0, 0, 1, 0, 0, 0, 0, 0, 0, 0, 0, 6, 0, 7
"d:\Jpeniel\jeunes_jpeniel_events\src\assets\revolution\js\extensions\revolution.extension.migration.min.js", "JavaScript", 0, 0, 1, 0, 0, 0, 0, 0, 0, 0, 0, 6, 0, 7
"d:\Jpeniel\jeunes_jpeniel_events\src\assets\revolution\js\extensions\revolution.extension.navigation.min.js", "JavaScript", 0, 0, 1, 0, 0, 0, 0, 0, 0, 0, 0, 6, 0, 7
"d:\Jpeniel\jeunes_jpeniel_events\src\assets\revolution\js\extensions\revolution.extension.parallax.min.js", "JavaScript", 0, 0, 1, 0, 0, 0, 0, 0, 0, 0, 0, 6, 0, 7
"d:\Jpeniel\jeunes_jpeniel_events\src\assets\revolution\js\extensions\revolution.extension.slideanims.min.js", "JavaScript", 0, 0, 1, 0, 0, 0, 0, 0, 0, 0, 0, 6, 0, 7
"d:\Jpeniel\jeunes_jpeniel_events\src\assets\revolution\js\extensions\revolution.extension.video.min.js", "JavaScript", 0, 0, 1, 0, 0, 0, 0, 0, 0, 0, 0, 6, 0, 7
"d:\Jpeniel\jeunes_jpeniel_events\src\assets\revolution\js\extensions\source\index.php", "PHP", 0, 0, 0, 0, 0, 0, 0, 0, 0, 0, 0, 0, 1, 1
"d:\Jpeniel\jeunes_jpeniel_events\src\assets\revolution\js\extensions\source\revolution.extension.actions.js", "JavaScript", 0, 0, 328, 0, 0, 0, 0, 0, 0, 0, 0, 16, 42, 386
"d:\Jpeniel\jeunes_jpeniel_events\src\assets\revolution\js\extensions\source\revolution.extension.carousel.js", "JavaScript", 0, 0, 232, 0, 0, 0, 0, 0, 0, 0, 0, 43, 90, 365
"d:\Jpeniel\jeunes_jpeniel_events\src\assets\revolution\js\extensions\source\revolution.extension.kenburn.js", "JavaScript", 0, 0, 134, 0, 0, 0, 0, 0, 0, 0, 0, 12, 53, 199
"d:\Jpeniel\jeunes_jpeniel_events\src\assets\revolution\js\extensions\source\revolution.extension.layeranimation.js", "JavaScript", 0, 0, 1756, 0, 0, 0, 0, 0, 0, 0, 0, 180, 588, 2524
"d:\Jpeniel\jeunes_jpeniel_events\src\assets\revolution\js\extensions\source\revolution.extension.migration.js", "JavaScript", 0, 0, 210, 0, 0, 0, 0, 0, 0, 0, 0, 15, 36, 261
"d:\Jpeniel\jeunes_jpeniel_events\src\assets\revolution\js\extensions\source\revolution.extension.navigation.js", "JavaScript", 0, 0, 814, 0, 0, 0, 0, 0, 0, 0, 0, 72, 270, 1156
"d:\Jpeniel\jeunes_jpeniel_events\src\assets\revolution\js\extensions\source\revolution.extension.parallax.js", "JavaScript", 0, 0, 357, 0, 0, 0, 0, 0, 0, 0, 0, 20, 88, 465
"d:\Jpeniel\jeunes_jpeniel_events\src\assets\revolution\js\extensions\source\revolution.extension.slideanims.js", "JavaScript", 0, 0, 955, 0, 0, 0, 0, 0, 0, 0, 0, 161, 331, 1447
"d:\Jpeniel\jeunes_jpeniel_events\src\assets\revolution\js\extensions\source\revolution.extension.video.js", "JavaScript", 0, 0, 1077, 0, 0, 0, 0, 0, 0, 0, 0, 84, 303, 1464
"d:\Jpeniel\jeunes_jpeniel_events\src\assets\revolution\js\index.php", "PHP", 0, 0, 0, 0, 0, 0, 0, 0, 0, 0, 0, 0, 1, 1
"d:\Jpeniel\jeunes_jpeniel_events\src\assets\revolution\js\jquery.themepunch.enablelog.js", "JavaScript", 0, 0, 1, 0, 0, 0, 0, 0, 0, 0, 0, 0, 0, 1
"d:\Jpeniel\jeunes_jpeniel_events\src\assets\revolution\js\jquery.themepunch.revolution.min.js", "JavaScript", 0, 0, 1, 0, 0, 0, 0, 0, 0, 0, 0, 6, 0, 7
"d:\Jpeniel\jeunes_jpeniel_events\src\assets\revolution\js\jquery.themepunch.tools.min.js", "JavaScript", 0, 0, 42, 0, 0, 0, 0, 0, 0, 0, 0, 78, 26, 146
"d:\Jpeniel\jeunes_jpeniel_events\src\assets\revolution\js\source\index.php", "PHP", 0, 0, 0, 0, 0, 0, 0, 0, 0, 0, 0, 0, 1, 1
"d:\Jpeniel\jeunes_jpeniel_events\src\assets\revolution\js\source\jquery.themepunch.enablelog.js", "JavaScript", 0, 0, 1, 0, 0, 0, 0, 0, 0, 0, 0, 0, 0, 1
"d:\Jpeniel\jeunes_jpeniel_events\src\assets\revolution\js\source\jquery.themepunch.revolution.js", "JavaScript", 0, 0, 2362, 0, 0, 0, 0, 0, 0, 0, 0, 243, 681, 3286
"d:\Jpeniel\jeunes_jpeniel_events\src\assets\revolution\js\source\jquery.themepunch.tools.min.js", "JavaScript", 0, 0, 6390, 0, 0, 0, 0, 0, 0, 0, 0, 1527, 794, 8711
"d:\Jpeniel\jeunes_jpeniel_events\src\assets\revolution\js\source\tp-color-picker.js", "JavaScript", 0, 0, 1992, 0, 0, 0, 0, 0, 0, 0, 0, 13, 1109, 3114
"d:\Jpeniel\jeunes_jpeniel_events\src\assets\revolution\js\tp-color-picker.min.js", "JavaScript", 0, 0, 1, 0, 0, 0, 0, 0, 0, 0, 0, 5, 1, 7
"d:\Jpeniel\jeunes_jpeniel_events\src\assets\revolution\php\facebook\class-facebook.php", "PHP", 0, 0, 0, 0, 0, 0, 0, 40, 0, 0, 0, 43, 6, 89
"d:\Jpeniel\jeunes_jpeniel_events\src\assets\revolution\php\flickr\class-flickr.php", "PHP", 0, 0, 0, 0, 0, 0, 0, 116, 0, 0, 0, 122, 27, 265
"d:\Jpeniel\jeunes_jpeniel_events\src\assets\revolution\php\instagram\class-instagram.php", "PHP", 0, 0, 0, 0, 0, 0, 0, 13, 0, 0, 0, 29, 6, 48
"d:\Jpeniel\jeunes_jpeniel_events\src\assets\revolution\php\twitter\RestApi.php", "PHP", 0, 0, 0, 0, 0, 0, 0, 36, 0, 0, 0, 44, 13, 93
"d:\Jpeniel\jeunes_jpeniel_events\src\assets\revolution\php\twitter\class-twitter.php", "PHP", 0, 0, 0, 0, 0, 0, 0, 39, 0, 0, 0, 71, 12, 122
"d:\Jpeniel\jeunes_jpeniel_events\src\assets\revolution\php\twitter\connection\Application.php", "PHP", 0, 0, 0, 0, 0, 0, 0, 42, 0, 0, 0, 27, 11, 80
"d:\Jpeniel\jeunes_jpeniel_events\src\assets\revolution\php\twitter\connection\ConnectionAbstract.php", "PHP", 0, 0, 0, 0, 0, 0, 0, 49, 0, 0, 0, 57, 14, 120
"d:\Jpeniel\jeunes_jpeniel_events\src\assets\revolution\php\twitter\connection\User.php", "PHP", 0, 0, 0, 0, 0, 0, 0, 50, 0, 0, 0, 30, 12, 92
"d:\Jpeniel\jeunes_jpeniel_events\src\assets\revolution\php\vimeo\class-vimeo.php", "PHP", 0, 0, 0, 0, 0, 0, 0, 36, 0, 0, 0, 28, 10, 74
"d:\Jpeniel\jeunes_jpeniel_events\src\assets\revolution\php\youtube\class-youtube.php", "PHP", 0, 0, 0, 0, 0, 0, 0, 26, 0, 0, 0, 50, 9, 85
"d:\Jpeniel\jeunes_jpeniel_events\src\assets\revolution\revolution-addons\bubblemorph\css\revolution.addon.bubblemorph.css", "CSS", 0, 0, 0, 0, 0, 0, 0, 0, 0, 0, 8, 5, 3, 16
"d:\Jpeniel\jeunes_jpeniel_events\src\assets\revolution\revolution-addons\bubblemorph\js\revolution.addon.bubblemorph.js", "JavaScript", 0, 0, 645, 0, 0, 0, 0, 0, 0, 0, 0, 41, 285, 971
"d:\Jpeniel\jeunes_jpeniel_events\src\assets\revolution\revolution-addons\bubblemorph\js\revolution.addon.bubblemorph.min.js", "JavaScript", 0, 0, 21, 0, 0, 0, 0, 0, 0, 0, 0, 5, 1, 27
"d:\Jpeniel\jeunes_jpeniel_events\src\assets\revolution\revolution-addons\particles\css\revolution.addon.particles.css", "CSS", 0, 0, 0, 0, 0, 0, 0, 0, 0, 0, 21, 7, 9, 37
"d:\Jpeniel\jeunes_jpeniel_events\src\assets\revolution\revolution-addons\particles\js\revolution.addon.particles.min.js", "JavaScript", 0, 0, 47, 0, 0, 0, 0, 0, 0, 0, 0, 5, 0, 52
"d:\Jpeniel\jeunes_jpeniel_events\src\assets\revolution\revolution-addons\typewriter\css\index.php", "PHP", 0, 0, 0, 0, 0, 0, 0, 0, 0, 0, 0, 0, 1, 1
"d:\Jpeniel\jeunes_jpeniel_events\src\assets\revolution\revolution-addons\typewriter\css\typewriter.css", "CSS", 0, 0, 0, 0, 0, 0, 0, 0, 0, 0, 10, 0, 8, 18
"d:\Jpeniel\jeunes_jpeniel_events\src\assets\revolution\revolution-addons\typewriter\js\index.php", "PHP", 0, 0, 0, 0, 0, 0, 0, 0, 0, 0, 0, 0, 1, 1
"d:\Jpeniel\jeunes_jpeniel_events\src\assets\revolution\revolution-addons\typewriter\js\revolution.addon.typewriter.js", "JavaScript", 0, 0, 458, 0, 0, 0, 0, 0, 0, 0, 0, 121, 293, 872
"d:\Jpeniel\jeunes_jpeniel_events\src\assets\revolution\revolution-addons\typewriter\js\revolution.addon.typewriter.min.js", "JavaScript", 0, 0, 15, 0, 0, 0, 0, 0, 0, 0, 0, 3, 0, 18
"d:\Jpeniel\jeunes_jpeniel_events\src\assets\sass\_theme-vars.scss", "SCSS", 0, 0, 0, 0, 0, 0, 0, 0, 0, 43, 0, 6, 1, 50
"d:\Jpeniel\jeunes_jpeniel_events\src\assets\sass\_variables.scss", "SCSS", 0, 0, 0, 0, 0, 0, 0, 0, 0, 90, 0, 4, 3, 97
"d:\Jpeniel\jeunes_jpeniel_events\src\assets\sass\blog\_blog.scss", "SCSS", 0, 0, 0, 0, 0, 0, 0, 0, 0, 634, 0, 16, 26, 676
"d:\Jpeniel\jeunes_jpeniel_events\src\assets\sass\core\_classes.scss", "SCSS", 0, 0, 0, 0, 0, 0, 0, 0, 0, 3012, 0, 105, 100, 3217
"d:\Jpeniel\jeunes_jpeniel_events\src\assets\sass\core\_loop.scss", "SCSS", 0, 0, 0, 0, 0, 0, 0, 0, 0, 83, 0, 9, 7, 99
"d:\Jpeniel\jeunes_jpeniel_events\src\assets\sass\core\_reset.scss", "SCSS", 0, 0, 0, 0, 0, 0, 0, 0, 0, 116, 0, 3, 2, 121
"d:\Jpeniel\jeunes_jpeniel_events\src\assets\sass\core\_typography.scss", "SCSS", 0, 0, 0, 0, 0, 0, 0, 0, 0, 647, 0, 16, 12, 675
"d:\Jpeniel\jeunes_jpeniel_events\src\assets\sass\elements\_accordions-and-toggles.scss", "SCSS", 0, 0, 0, 0, 0, 0, 0, 0, 0, 188, 0, 10, 6, 204
"d:\Jpeniel\jeunes_jpeniel_events\src\assets\sass\elements\_alert-box.scss", "SCSS", 0, 0, 0, 0, 0, 0, 0, 0, 0, 196, 0, 5, 5, 206
"d:\Jpeniel\jeunes_jpeniel_events\src\assets\sass\elements\_blockquote.scss", "SCSS", 0, 0, 0, 0, 0, 0, 0, 0, 0, 24, 0, 3, 1, 28
"d:\Jpeniel\jeunes_jpeniel_events\src\assets\sass\elements\_buttons.scss", "SCSS", 0, 0, 0, 0, 0, 0, 0, 0, 0, 1034, 0, 14, 16, 1064
"d:\Jpeniel\jeunes_jpeniel_events\src\assets\sass\elements\_clients.scss", "SCSS", 0, 0, 0, 0, 0, 0, 0, 0, 0, 128, 0, 8, 7, 143
"d:\Jpeniel\jeunes_jpeniel_events\src\assets\sass\elements\_columns.scss", "SCSS", 0, 0, 0, 0, 0, 0, 0, 0, 0, 10, 0, 1, 0, 11
"d:\Jpeniel\jeunes_jpeniel_events\src\assets\sass\elements\_contact-form.scss", "SCSS", 0, 0, 0, 0, 0, 0, 0, 0, 0, 187, 0, 5, 4, 196
"d:\Jpeniel\jeunes_jpeniel_events\src\assets\sass\elements\_content-carousel.scss", "SCSS", 0, 0, 0, 0, 0, 0, 0, 0, 0, 50, 0, 3, 3, 56
"d:\Jpeniel\jeunes_jpeniel_events\src\assets\sass\elements\_countdown.scss", "SCSS", 0, 0, 0, 0, 0, 0, 0, 0, 0, 148, 0, 4, 3, 155
"d:\Jpeniel\jeunes_jpeniel_events\src\assets\sass\elements\_counters.scss", "SCSS", 0, 0, 0, 0, 0, 0, 0, 0, 0, 71, 0, 5, 4, 80
"d:\Jpeniel\jeunes_jpeniel_events\src\assets\sass\elements\_divider.scss", "SCSS", 0, 0, 0, 0, 0, 0, 0, 0, 0, 72, 0, 3, 2, 77
"d:\Jpeniel\jeunes_jpeniel_events\src\assets\sass\elements\_drop-caps.scss", "SCSS", 0, 0, 0, 0, 0, 0, 0, 0, 0, 36, 0, 5, 4, 45
"d:\Jpeniel\jeunes_jpeniel_events\src\assets\sass\elements\_event.scss", "SCSS", 0, 0, 0, 0, 0, 0, 0, 0, 0, 186, 0, 2, 1, 189
"d:\Jpeniel\jeunes_jpeniel_events\src\assets\sass\elements\_fancy-heading.scss", "SCSS", 0, 0, 0, 0, 0, 0, 0, 0, 0, 4, 0, 1, 0, 5
"d:\Jpeniel\jeunes_jpeniel_events\src\assets\sass\elements\_fancy-text-box.scss", "SCSS", 0, 0, 0, 0, 0, 0, 0, 0, 0, 31, 0, 1, 0, 32
"d:\Jpeniel\jeunes_jpeniel_events\src\assets\sass\elements\_google-map.scss", "SCSS", 0, 0, 0, 0, 0, 0, 0, 0, 0, 183, 0, 3, 3, 189
"d:\Jpeniel\jeunes_jpeniel_events\src\assets\sass\elements\_heading.scss", "SCSS", 0, 0, 0, 0, 0, 0, 0, 0, 0, 0, 0, 0, 1, 1
"d:\Jpeniel\jeunes_jpeniel_events\src\assets\sass\elements\_highlights.scss", "SCSS", 0, 0, 0, 0, 0, 0, 0, 0, 0, 20, 0, 2, 1, 23
"d:\Jpeniel\jeunes_jpeniel_events\src\assets\sass\elements\_icon-with-text.scss", "SCSS", 0, 0, 0, 0, 0, 0, 0, 0, 0, 321, 0, 6, 6, 333
"d:\Jpeniel\jeunes_jpeniel_events\src\assets\sass\elements\_image-gallery.scss", "SCSS", 0, 0, 0, 0, 0, 0, 0, 0, 0, 101, 0, 6, 5, 112
"d:\Jpeniel\jeunes_jpeniel_events\src\assets\sass\elements\_instagram.scss", "SCSS", 0, 0, 0, 0, 0, 0, 0, 0, 0, 68, 0, 1, 1, 70
"d:\Jpeniel\jeunes_jpeniel_events\src\assets\sass\elements\_interactive-banners.scss", "SCSS", 0, 0, 0, 0, 0, 0, 0, 0, 0, 401, 0, 9, 11, 421
"d:\Jpeniel\jeunes_jpeniel_events\src\assets\sass\elements\_lists.scss", "SCSS", 0, 0, 0, 0, 0, 0, 0, 0, 0, 78, 0, 5, 4, 87
"d:\Jpeniel\jeunes_jpeniel_events\src\assets\sass\elements\_media.scss", "SCSS", 0, 0, 0, 0, 0, 0, 0, 0, 0, 29, 0, 2, 2, 33
"d:\Jpeniel\jeunes_jpeniel_events\src\assets\sass\elements\_modal-popup.scss", "SCSS", 0, 0, 0, 0, 0, 0, 0, 0, 0, 344, 0, 7, 9, 360
"d:\Jpeniel\jeunes_jpeniel_events\src\assets\sass\elements\_parallax-scrolling.scss", "SCSS", 0, 0, 0, 0, 0, 0, 0, 0, 0, 42, 0, 2, 1, 45
"d:\Jpeniel\jeunes_jpeniel_events\src\assets\sass\elements\_particles.scss", "SCSS", 0, 0, 0, 0, 0, 0, 0, 0, 0, 4, 0, 1, 0, 5
"d:\Jpeniel\jeunes_jpeniel_events\src\assets\sass\elements\_pie-chart.scss", "SCSS", 0, 0, 0, 0, 0, 0, 0, 0, 0, 12, 0, 1, 0, 13
"d:\Jpeniel\jeunes_jpeniel_events\src\assets\sass\elements\_pricing-table.scss", "SCSS", 0, 0, 0, 0, 0, 0, 0, 0, 0, 283, 0, 10, 10, 303
"d:\Jpeniel\jeunes_jpeniel_events\src\assets\sass\elements\_process-step.scss", "SCSS", 0, 0, 0, 0, 0, 0, 0, 0, 0, 225, 0, 10, 9, 244
"d:\Jpeniel\jeunes_jpeniel_events\src\assets\sass\elements\_progress-bar.scss", "SCSS", 0, 0, 0, 0, 0, 0, 0, 0, 0, 115, 0, 5, 4, 124
"d:\Jpeniel\jeunes_jpeniel_events\src\assets\sass\elements\_reviews.scss", "SCSS", 0, 0, 0, 0, 0, 0, 0, 0, 0, 46, 0, 2, 2, 50
"d:\Jpeniel\jeunes_jpeniel_events\src\assets\sass\elements\_rotate-box.scss", "SCSS", 0, 0, 0, 0, 0, 0, 0, 0, 0, 274, 0, 3, 2, 279
"d:\Jpeniel\jeunes_jpeniel_events\src\assets\sass\elements\_services.scss", "SCSS", 0, 0, 0, 0, 0, 0, 0, 0, 0, 118, 0, 5, 4, 127
"d:\Jpeniel\jeunes_jpeniel_events\src\assets\sass\elements\_sliding-box.scss", "SCSS", 0, 0, 0, 0, 0, 0, 0, 0, 0, 156, 0, 7, 6, 169
"d:\Jpeniel\jeunes_jpeniel_events\src\assets\sass\elements\_social-icons.scss", "SCSS", 0, 0, 0, 0, 0, 0, 0, 0, 0, 400, 0, 13, 15, 428
"d:\Jpeniel\jeunes_jpeniel_events\src\assets\sass\elements\_subscribe.scss", "SCSS", 0, 0, 0, 0, 0, 0, 0, 0, 0, 81, 0, 4, 4, 89
"d:\Jpeniel\jeunes_jpeniel_events\src\assets\sass\elements\_tab.scss", "SCSS", 0, 0, 0, 0, 0, 0, 0, 0, 0, 334, 0, 9, 8, 351
"d:\Jpeniel\jeunes_jpeniel_events\src\assets\sass\elements\_team.scss", "SCSS", 0, 0, 0, 0, 0, 0, 0, 0, 0, 396, 0, 7, 13, 416
"d:\Jpeniel\jeunes_jpeniel_events\src\assets\sass\elements\_testimonials.scss", "SCSS", 0, 0, 0, 0, 0, 0, 0, 0, 0, 148, 0, 5, 4, 157
"d:\Jpeniel\jeunes_jpeniel_events\src\assets\sass\footer\_footer.scss", "SCSS", 0, 0, 0, 0, 0, 0, 0, 0, 0, 122, 0, 8, 5, 135
"d:\Jpeniel\jeunes_jpeniel_events\src\assets\sass\header\_header.scss", "SCSS", 0, 0, 0, 0, 0, 0, 0, 0, 0, 2761, 0, 44, 39, 2844
"d:\Jpeniel\jeunes_jpeniel_events\src\assets\sass\icon\icon.scss", "SCSS", 0, 0, 0, 0, 0, 0, 0, 0, 0, 5, 0, 0, 0, 5
"d:\Jpeniel\jeunes_jpeniel_events\src\assets\sass\icon\icon\_bootstrap-icons.scss", "SCSS", 0, 0, 0, 0, 0, 0, 0, 0, 0, 2070, 0, 6, 5, 2081
"d:\Jpeniel\jeunes_jpeniel_events\src\assets\sass\icon\icon\_feather.scss", "SCSS", 0, 0, 0, 0, 0, 0, 0, 0, 0, 291, 0, 5, 275, 571
"d:\Jpeniel\jeunes_jpeniel_events\src\assets\sass\icon\icon\_font-awesome.scss", "SCSS", 0, 0, 0, 0, 0, 0, 0, 0, 0, 5453, 0, 8, 2545, 8006
"d:\Jpeniel\jeunes_jpeniel_events\src\assets\sass\icon\icon\_iconsmind-line.scss", "SCSS", 0, 0, 0, 0, 0, 0, 0, 0, 0, 6279, 0, 4, 3, 6286
"d:\Jpeniel\jeunes_jpeniel_events\src\assets\sass\icon\icon\_themify-icons.scss", "SCSS", 0, 0, 0, 0, 0, 0, 0, 0, 0, 1077, 0, 6, 4, 1087
"d:\Jpeniel\jeunes_jpeniel_events\src\assets\sass\layouts\_grid.scss", "SCSS", 0, 0, 0, 0, 0, 0, 0, 0, 0, 113, 0, 2, 1, 116
"d:\Jpeniel\jeunes_jpeniel_events\src\assets\sass\layouts\_sidebar.scss", "SCSS", 0, 0, 0, 0, 0, 0, 0, 0, 0, 124, 0, 4, 0, 128
"d:\Jpeniel\jeunes_jpeniel_events\src\assets\sass\mixins\_mixins.scss", "SCSS", 0, 0, 0, 0, 0, 0, 0, 0, 0, 36, 0, 5, 5, 46
"d:\Jpeniel\jeunes_jpeniel_events\src\assets\sass\portfolio\_portfolio.scss", "SCSS", 0, 0, 0, 0, 0, 0, 0, 0, 0, 916, 0, 21, 20, 957
"d:\Jpeniel\jeunes_jpeniel_events\src\assets\sass\responsive.scss", "SCSS", 0, 0, 0, 0, 0, 0, 0, 0, 0, 54, 0, 21, 10, 85
"d:\Jpeniel\jeunes_jpeniel_events\src\assets\sass\shop\_shop.scss", "SCSS", 0, 0, 0, 0, 0, 0, 0, 0, 0, 767, 0, 20, 17, 804
"d:\Jpeniel\jeunes_jpeniel_events\src\assets\sass\style.scss", "SCSS", 0, 0, 0, 0, 0, 0, 0, 0, 0, 55, 0, 44, 11, 110
"d:\Jpeniel\jeunes_jpeniel_events\src\assets\sass\theme-responsive\blog\_blog.scss", "SCSS", 0, 0, 0, 0, 0, 0, 0, 0, 0, 117, 0, 0, 0, 117
"d:\Jpeniel\jeunes_jpeniel_events\src\assets\sass\theme-responsive\core\_classes.scss", "SCSS", 0, 0, 0, 0, 0, 0, 0, 0, 0, 2659, 0, 112, 2, 2773
"d:\Jpeniel\jeunes_jpeniel_events\src\assets\sass\theme-responsive\core\_loop.scss", "SCSS", 0, 0, 0, 0, 0, 0, 0, 0, 0, 430, 0, 19, 6, 455
"d:\Jpeniel\jeunes_jpeniel_events\src\assets\sass\theme-responsive\core\_reset.scss", "SCSS", 0, 0, 0, 0, 0, 0, 0, 0, 0, 103, 0, 1, 0, 104
"d:\Jpeniel\jeunes_jpeniel_events\src\assets\sass\theme-responsive\core\_typography.scss", "SCSS", 0, 0, 0, 0, 0, 0, 0, 0, 0, 1306, 0, 12, 0, 1318
"d:\Jpeniel\jeunes_jpeniel_events\src\assets\sass\theme-responsive\elements\_accordions-and-toggles.scss", "SCSS", 0, 0, 0, 0, 0, 0, 0, 0, 0, 47, 0, 0, 0, 47
"d:\Jpeniel\jeunes_jpeniel_events\src\assets\sass\theme-responsive\elements\_alert-box.scss", "SCSS", 0, 0, 0, 0, 0, 0, 0, 0, 0, 0, 0, 0, 1, 1
"d:\Jpeniel\jeunes_jpeniel_events\src\assets\sass\theme-responsive\elements\_blockquote.scss", "SCSS", 0, 0, 0, 0, 0, 0, 0, 0, 0, 45, 0, 0, 0, 45
"d:\Jpeniel\jeunes_jpeniel_events\src\assets\sass\theme-responsive\elements\_buttons.scss", "SCSS", 0, 0, 0, 0, 0, 0, 0, 0, 0, 51, 0, 0, 1, 52
"d:\Jpeniel\jeunes_jpeniel_events\src\assets\sass\theme-responsive\elements\_clients.scss", "SCSS", 0, 0, 0, 0, 0, 0, 0, 0, 0, 30, 0, 0, 0, 30
"d:\Jpeniel\jeunes_jpeniel_events\src\assets\sass\theme-responsive\elements\_columns.scss", "SCSS", 0, 0, 0, 0, 0, 0, 0, 0, 0, 0, 0, 0, 1, 1
"d:\Jpeniel\jeunes_jpeniel_events\src\assets\sass\theme-responsive\elements\_contact-form.scss", "SCSS", 0, 0, 0, 0, 0, 0, 0, 0, 0, 0, 0, 0, 1, 1
"d:\Jpeniel\jeunes_jpeniel_events\src\assets\sass\theme-responsive\elements\_content-carousel.scss", "SCSS", 0, 0, 0, 0, 0, 0, 0, 0, 0, 14, 0, 0, 1, 15
"d:\Jpeniel\jeunes_jpeniel_events\src\assets\sass\theme-responsive\elements\_countdown.scss", "SCSS", 0, 0, 0, 0, 0, 0, 0, 0, 0, 53, 0, 0, 1, 54
"d:\Jpeniel\jeunes_jpeniel_events\src\assets\sass\theme-responsive\elements\_counters.scss", "SCSS", 0, 0, 0, 0, 0, 0, 0, 0, 0, 24, 0, 0, 0, 24
"d:\Jpeniel\jeunes_jpeniel_events\src\assets\sass\theme-responsive\elements\_divider.scss", "SCSS", 0, 0, 0, 0, 0, 0, 0, 0, 0, 0, 0, 0, 1, 1
"d:\Jpeniel\jeunes_jpeniel_events\src\assets\sass\theme-responsive\elements\_drop-caps.scss", "SCSS", 0, 0, 0, 0, 0, 0, 0, 0, 0, 0, 0, 0, 1, 1
"d:\Jpeniel\jeunes_jpeniel_events\src\assets\sass\theme-responsive\elements\_event.scss", "SCSS", 0, 0, 0, 0, 0, 0, 0, 0, 0, 68, 0, 0, 0, 68
"d:\Jpeniel\jeunes_jpeniel_events\src\assets\sass\theme-responsive\elements\_fancy-heading.scss", "SCSS", 0, 0, 0, 0, 0, 0, 0, 0, 0, 0, 0, 0, 1, 1
"d:\Jpeniel\jeunes_jpeniel_events\src\assets\sass\theme-responsive\elements\_fancy-text-box.scss", "SCSS", 0, 0, 0, 0, 0, 0, 0, 0, 0, 5, 0, 0, 0, 5
"d:\Jpeniel\jeunes_jpeniel_events\src\assets\sass\theme-responsive\elements\_google-map.scss", "SCSS", 0, 0, 0, 0, 0, 0, 0, 0, 0, 13, 0, 0, 0, 13
"d:\Jpeniel\jeunes_jpeniel_events\src\assets\sass\theme-responsive\elements\_heading.scss", "SCSS", 0, 0, 0, 0, 0, 0, 0, 0, 0, 0, 0, 0, 1, 1
"d:\Jpeniel\jeunes_jpeniel_events\src\assets\sass\theme-responsive\elements\_highlights.scss", "SCSS", 0, 0, 0, 0, 0, 0, 0, 0, 0, 17, 0, 0, 0, 17
"d:\Jpeniel\jeunes_jpeniel_events\src\assets\sass\theme-responsive\elements\_icon-with-text.scss", "SCSS", 0, 0, 0, 0, 0, 0, 0, 0, 0, 39, 0, 0, 0, 39
"d:\Jpeniel\jeunes_jpeniel_events\src\assets\sass\theme-responsive\elements\_image-gallery.scss", "SCSS", 0, 0, 0, 0, 0, 0, 0, 0, 0, 0, 0, 0, 1, 1
"d:\Jpeniel\jeunes_jpeniel_events\src\assets\sass\theme-responsive\elements\_instagram.scss", "SCSS", 0, 0, 0, 0, 0, 0, 0, 0, 0, 0, 0, 0, 1, 1
"d:\Jpeniel\jeunes_jpeniel_events\src\assets\sass\theme-responsive\elements\_interactive-banners.scss", "SCSS", 0, 0, 0, 0, 0, 0, 0, 0, 0, 7, 0, 0, 0, 7
"d:\Jpeniel\jeunes_jpeniel_events\src\assets\sass\theme-responsive\elements\_lists.scss", "SCSS", 0, 0, 0, 0, 0, 0, 0, 0, 0, 0, 0, 0, 1, 1
"d:\Jpeniel\jeunes_jpeniel_events\src\assets\sass\theme-responsive\elements\_media.scss", "SCSS", 0, 0, 0, 0, 0, 0, 0, 0, 0, 5, 0, 0, 0, 5
"d:\Jpeniel\jeunes_jpeniel_events\src\assets\sass\theme-responsive\elements\_modal-popup.scss", "SCSS", 0, 0, 0, 0, 0, 0, 0, 0, 0, 31, 0, 0, 0, 31
"d:\Jpeniel\jeunes_jpeniel_events\src\assets\sass\theme-responsive\elements\_parallax-scrolling.scss", "SCSS", 0, 0, 0, 0, 0, 0, 0, 0, 0, 14, 0, 0, 0, 14
"d:\Jpeniel\jeunes_jpeniel_events\src\assets\sass\theme-responsive\elements\_particles.scss", "SCSS", 0, 0, 0, 0, 0, 0, 0, 0, 0, 0, 0, 0, 1, 1
"d:\Jpeniel\jeunes_jpeniel_events\src\assets\sass\theme-responsive\elements\_pie-chart.scss", "SCSS", 0, 0, 0, 0, 0, 0, 0, 0, 0, 0, 0, 0, 1, 1
"d:\Jpeniel\jeunes_jpeniel_events\src\assets\sass\theme-responsive\elements\_pricing-table.scss", "SCSS", 0, 0, 0, 0, 0, 0, 0, 0, 0, 52, 0, 0, 1, 53
"d:\Jpeniel\jeunes_jpeniel_events\src\assets\sass\theme-responsive\elements\_process-step.scss", "SCSS", 0, 0, 0, 0, 0, 0, 0, 0, 0, 26, 0, 0, 0, 26
"d:\Jpeniel\jeunes_jpeniel_events\src\assets\sass\theme-responsive\elements\_progress-bar.scss", "SCSS", 0, 0, 0, 0, 0, 0, 0, 0, 0, 0, 0, 0, 1, 1
"d:\Jpeniel\jeunes_jpeniel_events\src\assets\sass\theme-responsive\elements\_reviews.scss", "SCSS", 0, 0, 0, 0, 0, 0, 0, 0, 0, 0, 0, 0, 1, 1
"d:\Jpeniel\jeunes_jpeniel_events\src\assets\sass\theme-responsive\elements\_rotate-box.scss", "SCSS", 0, 0, 0, 0, 0, 0, 0, 0, 0, 0, 0, 0, 1, 1
"d:\Jpeniel\jeunes_jpeniel_events\src\assets\sass\theme-responsive\elements\_services.scss", "SCSS", 0, 0, 0, 0, 0, 0, 0, 0, 0, 0, 0, 0, 1, 1
"d:\Jpeniel\jeunes_jpeniel_events\src\assets\sass\theme-responsive\elements\_sliding-box.scss", "SCSS", 0, 0, 0, 0, 0, 0, 0, 0, 0, 79, 0, 0, 0, 79
"d:\Jpeniel\jeunes_jpeniel_events\src\assets\sass\theme-responsive\elements\_social-icons.scss", "SCSS", 0, 0, 0, 0, 0, 0, 0, 0, 0, 27, 0, 0, 0, 27
"d:\Jpeniel\jeunes_jpeniel_events\src\assets\sass\theme-responsive\elements\_subscribe.scss", "SCSS", 0, 0, 0, 0, 0, 0, 0, 0, 0, 35, 0, 0, 0, 35
"d:\Jpeniel\jeunes_jpeniel_events\src\assets\sass\theme-responsive\elements\_tab.scss", "SCSS", 0, 0, 0, 0, 0, 0, 0, 0, 0, 168, 0, 0, 1, 169
"d:\Jpeniel\jeunes_jpeniel_events\src\assets\sass\theme-responsive\elements\_team.scss", "SCSS", 0, 0, 0, 0, 0, 0, 0, 0, 0, 0, 0, 0, 1, 1
"d:\Jpeniel\jeunes_jpeniel_events\src\assets\sass\theme-responsive\elements\_testimonials.scss", "SCSS", 0, 0, 0, 0, 0, 0, 0, 0, 0, 58, 0, 0, 0, 58
"d:\Jpeniel\jeunes_jpeniel_events\src\assets\sass\theme-responsive\footer\_footer.scss", "SCSS", 0, 0, 0, 0, 0, 0, 0, 0, 0, 38, 0, 0, 0, 38
"d:\Jpeniel\jeunes_jpeniel_events\src\assets\sass\theme-responsive\header\_header.scss", "SCSS", 0, 0, 0, 0, 0, 0, 0, 0, 0, 2045, 0, 15, 8, 2068
"d:\Jpeniel\jeunes_jpeniel_events\src\assets\sass\theme-responsive\layouts\_grid.scss", "SCSS", 0, 0, 0, 0, 0, 0, 0, 0, 0, 348, 0, 0, 0, 348
"d:\Jpeniel\jeunes_jpeniel_events\src\assets\sass\theme-responsive\layouts\_sidebar.scss", "SCSS", 0, 0, 0, 0, 0, 0, 0, 0, 0, 0, 0, 0, 1, 1
"d:\Jpeniel\jeunes_jpeniel_events\src\assets\sass\theme-responsive\portfolio\_portfolio.scss", "SCSS", 0, 0, 0, 0, 0, 0, 0, 0, 0, 232, 0, 0, 2, 234
"d:\Jpeniel\jeunes_jpeniel_events\src\assets\sass\theme-responsive\shop\_shop.scss", "SCSS", 0, 0, 0, 0, 0, 0, 0, 0, 0, 124, 0, 0, 0, 124
"d:\Jpeniel\jeunes_jpeniel_events\src\assets\sass\theme-responsive\titlebar\_page-titles.scss", "SCSS", 0, 0, 0, 0, 0, 0, 0, 0, 0, 39, 0, 0, 0, 39
"d:\Jpeniel\jeunes_jpeniel_events\src\assets\sass\titlebar\_page-titles.scss", "SCSS", 0, 0, 0, 0, 0, 0, 0, 0, 0, 140, 0, 7, 5, 152
"d:\Jpeniel\jeunes_jpeniel_events\src\assets\sass\vendors\vendors.scss", "SCSS", 0, 0, 0, 0, 0, 0, 0, 0, 0, 8, 0, 0, 0, 8
"d:\Jpeniel\jeunes_jpeniel_events\src\assets\sass\vendors\vendors\_atropos.scss", "SCSS", 0, 0, 0, 0, 0, 0, 0, 0, 0, 86, 0, 6, 2, 94
"d:\Jpeniel\jeunes_jpeniel_events\src\assets\sass\vendors\vendors\_bootstrap.scss", "SCSS", 0, 0, 0, 0, 0, 0, 0, 0, 0, 11139, 0, 33, 898, 12070
"d:\Jpeniel\jeunes_jpeniel_events\src\assets\sass\vendors\vendors\_interactive-portfolio.scss", "SCSS", 0, 0, 0, 0, 0, 0, 0, 0, 0, 82, 0, 4, 13, 99
"d:\Jpeniel\jeunes_jpeniel_events\src\assets\sass\vendors\vendors\_justified-gallery.scss", "SCSS", 0, 0, 0, 0, 0, 0, 0, 0, 0, 103, 0, 7, 1, 111
"d:\Jpeniel\jeunes_jpeniel_events\src\assets\sass\vendors\vendors\_mCustomScrollbar.scss", "SCSS", 0, 0, 0, 0, 0, 0, 0, 0, 0, 812, 0, 105, 338, 1255
"d:\Jpeniel\jeunes_jpeniel_events\src\assets\sass\vendors\vendors\_magnific-popup.scss", "SCSS", 0, 0, 0, 0, 0, 0, 0, 0, 0, 70, 0, 7, 5, 82
"d:\Jpeniel\jeunes_jpeniel_events\src\assets\sass\vendors\vendors\_splitting.scss", "SCSS", 0, 0, 0, 0, 0, 0, 0, 0, 0, 35, 0, 24, 15, 74
"d:\Jpeniel\jeunes_jpeniel_events\src\assets\sass\vendors\vendors\_swiper-bundle.scss", "SCSS", 0, 0, 0, 0, 0, 0, 0, 0, 0, 660, 0, 69, 1, 730
"d:\Jpeniel\jeunes_jpeniel_events\src\components\admin\AdminSidebar.vue", "Vue", 0, 0, 0, 0, 56, 0, 0, 0, 0, 0, 0, 462, 1, 519
"d:\Jpeniel\jeunes_jpeniel_events\src\components\builders\QuestionBuilder copy.vue", "Vue", 0, 0, 0, 0, 87, 0, 0, 0, 0, 0, 0, 12, 11, 110
"d:\Jpeniel\jeunes_jpeniel_events\src\components\builders\QuestionBuilder.vue", "Vue", 0, 0, 0, 0, 130, 0, 0, 0, 0, 0, 0, 69, 28, 227
"d:\Jpeniel\jeunes_jpeniel_events\src\components\builders\QuestionField.vue", "Vue", 0, 0, 0, 0, 22, 0, 0, 0, 0, 0, 0, 3, 6, 31
"d:\Jpeniel\jeunes_jpeniel_events\src\components\events\CreateEventForm.vue", "Vue", 0, 0, 0, 0, 173, 0, 0, 0, 0, 0, 0, 51, 21, 245
"d:\Jpeniel\jeunes_jpeniel_events\src\components\events\EventListing.vue", "Vue", 0, 0, 0, 0, 54, 0, 0, 0, 0, 0, 0, 8, 8, 70
"d:\Jpeniel\jeunes_jpeniel_events\src\components\events\EventListings.vue", "Vue", 0, 0, 0, 0, 40, 0, 0, 0, 0, 0, 0, 2, 7, 49
"d:\Jpeniel\jeunes_jpeniel_events\src\components\events\EventSchedule.vue", "Vue", 0, 0, 0, 0, 109, 0, 0, 0, 0, 0, 0, 7, 13, 129
"d:\Jpeniel\jeunes_jpeniel_events\src\components\events\Questionnaire.vue", "Vue", 0, 0, 0, 0, 28, 0, 0, 0, 0, 0, 0, 0, 6, 34
"d:\Jpeniel\jeunes_jpeniel_events\src\components\events\QuestionnaireForm.vue", "Vue", 0, 0, 0, 0, 0, 0, 0, 0, 0, 0, 0, 65, 0, 65
"d:\Jpeniel\jeunes_jpeniel_events\src\components\layout\Footer.vue", "Vue", 0, 0, 0, 0, 110, 0, 0, 0, 0, 0, 0, 9, 2, 121
"d:\Jpeniel\jeunes_jpeniel_events\src\components\layout\Gallery.vue", "Vue", 0, 0, 0, 0, 179, 0, 0, 0, 0, 0, 0, 18, 1, 198
"d:\Jpeniel\jeunes_jpeniel_events\src\components\layout\Header.vue", "Vue", 0, 0, 0, 0, 8, 0, 0, 0, 0, 0, 0, 2, 1, 11
"d:\Jpeniel\jeunes_jpeniel_events\src\components\layout\Hero.vue", "Vue", 0, 0, 0, 0, 53, 0, 0, 0, 0, 0, 0, 9, 10, 72
"d:\Jpeniel\jeunes_jpeniel_events\src\components\layout\HomeAbout.vue", "Vue", 0, 0, 0, 0, 99, 0, 0, 0, 0, 0, 0, 11, 4, 114
"d:\Jpeniel\jeunes_jpeniel_events\src\components\layout\PageTitle.vue", "Vue", 0, 0, 0, 0, 28, 0, 0, 0, 0, 0, 0, 5, 2, 35
"d:\Jpeniel\jeunes_jpeniel_events\src\components\navigation\BeforeNavbar.vue", "Vue", 0, 0, 0, 0, 17, 0, 0, 0, 0, 0, 0, 0, 1, 18
"d:\Jpeniel\jeunes_jpeniel_events\src\components\navigation\Navbar.vue", "Vue", 0, 0, 0, 0, 55, 0, 0, 0, 0, 0, 0, 33, 5, 93
"d:\Jpeniel\jeunes_jpeniel_events\src\components\partials\Progressbar.vue", "Vue", 0, 0, 0, 0, 12, 0, 0, 0, 0, 0, 0, 42, 2, 56
"d:\Jpeniel\jeunes_jpeniel_events\src\components\partials\ShapeDivider1.vue", "Vue", 0, 0, 0, 0, 8, 0, 0, 0, 0, 0, 0, 1, 2, 11
"d:\Jpeniel\jeunes_jpeniel_events\src\components\utlis\FormattedDate.vue", "Vue", 0, 0, 0, 0, 21, 0, 0, 0, 0, 0, 0, 2, 3, 26
"d:\Jpeniel\jeunes_jpeniel_events\src\components\utlis\FormattedTime.vue", "Vue", 0, 0, 0, 0, 22, 0, 0, 0, 0, 0, 0, 7, 3, 32
"d:\Jpeniel\jeunes_jpeniel_events\src\main.js", "JavaScript", 0, 0, 20, 0, 0, 0, 0, 0, 0, 0, 0, 2, 6, 28
"d:\Jpeniel\jeunes_jpeniel_events\src\router\index.js", "JavaScript", 0, 0, 56, 0, 0, 0, 0, 0, 0, 0, 0, 12, 13, 81
"d:\Jpeniel\jeunes_jpeniel_events\src\stores\auth.js", "JavaScript", 0, 0, 82, 0, 0, 0, 0, 0, 0, 0, 0, 122, 20, 224
"d:\Jpeniel\jeunes_jpeniel_events\src\stores\eventQuestionnaire.js", "JavaScript", 0, 0, 29, 0, 0, 0, 0, 0, 0, 0, 0, 4, 5, 38
"d:\Jpeniel\jeunes_jpeniel_events\src\stores\questionnaire.js", "JavaScript", 0, 0, 22, 0, 0, 0, 0, 0, 0, 0, 0, 2, 2, 26
"d:\Jpeniel\jeunes_jpeniel_events\src\views\EventsView.vue", "Vue", 0, 0, 0, 0, 11, 0, 0, 0, 0, 0, 0, 0, 4, 15
"d:\Jpeniel\jeunes_jpeniel_events\src\views\HomeView.vue", "Vue", 0, 0, 0, 0, 12, 0, 0, 0, 0, 0, 0, 2, 4, 18
"d:\Jpeniel\jeunes_jpeniel_events\src\views\Profile.vue", "Vue", 0, 0, 0, 0, 93, 0, 0, 0, 0, 0, 0, 6, 9, 108
"d:\Jpeniel\jeunes_jpeniel_events\src\views\QuestionnaireView.vue", "Vue", 0, 0, 0, 0, 21, 0, 0, 0, 0, 0, 0, 1, 7, 29
"d:\Jpeniel\jeunes_jpeniel_events\src\views\ShowQuestionnaire.vue", "Vue", 0, 0, 0, 0, 109, 0, 0, 0, 0, 0, 0, 37, 11, 157
"d:\Jpeniel\jeunes_jpeniel_events\src\views\SingleEventView.vue", "Vue", 0, 0, 0, 0, 122, 0, 0, 0, 0, 0, 0, 17, 17, 156
"d:\Jpeniel\jeunes_jpeniel_events\src\views\admin\AdminDashboard.vue", "Vue", 0, 0, 0, 0, 12, 0, 0, 0, 0, 0, 0, 0, 2, 14
"d:\Jpeniel\jeunes_jpeniel_events\src\views\admin\AdminDashboardHome.vue", "Vue", 0, 0, 0, 0, 40, 0, 0, 0, 0, 0, 0, 2, 1, 43
"d:\Jpeniel\jeunes_jpeniel_events\src\views\admin\CreateEventView.vue", "Vue", 0, 0, 0, 0, 8, 0, 0, 0, 0, 0, 0, 0, 2, 10
"d:\Jpeniel\jeunes_jpeniel_events\src\views\admin\CreateQuestionnaire.vue", "Vue", 0, 0, 0, 0, 23, 0, 0, 0, 0, 0, 0, 6, 3, 32
"d:\Jpeniel\jeunes_jpeniel_events\src\views\admin\EditEvent.vue", "Vue", 0, 0, 0, 0, 235, 0, 0, 0, 0, 0, 0, 289, 38, 562
"d:\Jpeniel\jeunes_jpeniel_events\src\views\authentication\Login.vue", "Vue", 0, 0, 0, 0, 57, 0, 0, 0, 0, 0, 0, 16, 8, 81
"d:\Jpeniel\jeunes_jpeniel_events\src\views\authentication\Register.vue", "Vue", 0, 0, 0, 0, 95, 0, 0, 0, 0, 0, 0, 18, 6, 119
"d:\Jpeniel\jeunes_jpeniel_events\vite.config.js", "JavaScript", 0, 0, 13, 0, 0, 0, 0, 0, 0, 0, 0, 1, 3, 17
"Total", "-", 8, 22, 79292, 1175, 2158, 4173, 3, 447, 7335, 52776, 88783, 14457, 29464, 280093